name,zoopla_name,latitude,longitude,post_code_area,commute_city_min,commute_city_max,commute_oxford_circus_min,commute_oxford_circus_max,commute_waterloo_min,commute_waterloo_max,lower_quartile_studio_rent,median_studio_rent,upper_quartile_studio_rent,lower_quartile_one_bedroom_rent,median_one_bedroom_rent,upper_quartile_one_bedroom_rent,aldi_count,asda_count,bakery_count,bar_count,british_resuarant_count,chinese_restaurant_count,cinema_count,french_restaurant_count,gymbox_count,indian_restaurant_count,italian_restaurant_count,japanese_restaurant_count,lidl_count,morrisons_count,museum_count,nightclub_count,pub_count,sainsburys_count,tesco_count,thai_restaurant_count,theater_count,waitrose_count,gym_count,park_count,age_19_minus_perc,age_20s_perc,age_30s_perc,age_40_plus_perc,average_household_income,very_good_health_perc
abbey_wood,"Abbey Wood, London",51.492612,0.118818,SE (South East London),31.0,41.0,34.0,44.0,29.0,39.0,,,,552,905,1000,1,0,3,1,0,5,0,0,0,3,0,0,1,2,0,0,4,1,0,0,1,0,0,2,0.34,0.13,0.16,0.38,30773.0,0.49
acton,"Acton, London",51.508372,-0.27444,W (West London),37.0,47.0,25.0,35.0,33.0,43.0,826,905,1005,1069,1283,1405,0,0,5,8,1,8,1,1,0,7,5,10,1,2,4,0,15,8,4,4,3,2,4,2,0.23,0.18,0.19,0.39,43295.1,0.51
addiscombe,"Addiscombe, London",51.38055,-0.072274,"CR (Croydon, Outer London)",30.0,40.0,39.0,49.0,30.0,40.0,753,805,853,705,922,1005,1,0,3,9,0,13,2,0,0,7,4,1,1,0,0,0,19,6,7,1,5,1,0,2,0.26,0.15,0.17,0.42,38711.78,0.48
aldborough_hatch,"Aldborough Hatch, London",51.585525,0.098766,"IG (Ilford, Outer London)",45.0,55.0,48.0,58.0,51.0,61.0,853,1053,1370,1000,1305,1605,1,0,3,1,0,3,0,0,0,6,0,0,0,0,0,1,5,4,1,0,1,0,0,2,0.0,0.0,0.0,0.0,0.0,0.0
aldgate,"Aldgate, London",51.513438,-0.077171,EC (East Central London),4.0,14.0,18.0,28.0,14.0,24.0,1305,1605,1740,1505,1740,2175,0,1,13,20,16,20,12,7,4,20,20,21,0,0,12,20,20,20,20,15,9,4,39,2,0.16,0.34,0.24,0.26,64418.34,0.54
alperton,"Alperton, London",51.539601,-0.298837,"HA (Harrow, Outer London)",40.0,50.0,33.0,43.0,37.0,47.0,846,905,1005,953,1131,1253,0,0,3,9,0,6,1,0,0,15,2,0,0,0,0,7,6,2,4,1,2,0,2,2,0.24,0.19,0.18,0.39,31864.17,0.46
anerley,"Anerley, London",51.411911,-0.067978,SE (South East London),25.0,35.0,37.0,47.0,28.0,38.0,805,879,927,927,1031,1105,2,0,5,10,0,16,2,1,0,7,4,4,0,0,4,3,16,9,7,4,2,0,1,2,0.25,0.16,0.22,0.37,34118.69,0.48
angel,"Angel, London",51.534676,-0.104291,N (North London),13.0,23.0,15.0,25.0,19.0,29.0,892,1179,1414,1522,1740,1957,0,0,11,20,4,17,9,7,2,19,20,15,0,0,12,14,20,20,20,11,8,8,17,2,0.18,0.25,0.21,0.35,60048.16,0.54
archway,"Archway, London",51.564888,-0.132381,N (North London),23.0,33.0,18.0,28.0,20.0,30.0,848,957,1105,1175,1301,1414,1,0,7,17,1,12,5,1,1,8,13,9,2,1,0,3,20,12,9,12,4,2,5,2,0.21,0.2,0.2,0.39,50962.31,0.5
arnos_grove,"Arnos Grove, London",51.619799,-0.129687,N (North London),33.0,43.0,29.0,39.0,35.0,45.0,816,861,1000,894,1105,1205,0,2,8,7,1,10,1,0,0,8,7,1,0,1,0,1,9,2,4,1,4,0,2,2,0.22,0.15,0.15,0.47,54597.92,0.49
balham,"Balham, London",51.443989,-0.149411,SW (South West London),21.0,31.0,21.0,31.0,17.0,27.0,905,964,1005,1253,1357,1479,1,0,10,15,1,6,1,2,0,9,11,6,2,0,1,3,16,11,4,5,2,1,3,2,0.17,0.26,0.27,0.3,66819.23,0.6
bankside,"Bankside, London",51.506004,-0.097644,SE (South East London),9.0,19.0,19.0,29.0,7.0,17.0,1631,2088,2610,2088,2588,2827,0,0,9,21,14,15,11,8,8,19,20,18,1,0,17,14,20,20,20,12,17,5,47,2,0.17,0.3,0.2,0.33,49179.15,0.56
barbican,"Barbican, London",51.520208,-0.093786,EC (East Central London),10.0,20.0,19.0,29.0,20.0,30.0,1262,1414,1718,1522,1805,2110,0,0,17,24,14,20,13,10,7,18,21,20,0,0,16,20,20,20,20,15,10,7,52,2,0.17,0.27,0.19,0.36,53031.32,0.54
barking,"Barking, London",51.536563,0.075766,"IG (Ilford, Outer London)",29.0,39.0,37.0,47.0,31.0,41.0,753,879,1105,972,1053,1140,0,1,1,5,0,11,2,0,0,6,0,0,4,0,1,3,9,2,5,0,1,0,0,2,0.33,0.19,0.2,0.28,31806.55,0.5
barnes,"Barnes, London",51.475294,-0.239205,SW (South West London),42.0,52.0,32.0,42.0,26.0,36.0,840,1088,1177,1305,1390,1505,0,0,6,8,1,6,1,3,0,7,8,4,0,0,1,2,9,9,5,7,2,2,4,2,0.24,0.1,0.15,0.5,67364.0,0.61
barnsbury,"Barnsbury, London",51.540356,-0.118345,N (North London),20.0,30.0,17.0,27.0,19.0,29.0,892,1044,1205,1392,1566,1805,1,0,14,18,3,14,9,5,0,19,20,10,3,1,6,4,21,4,13,11,4,7,8,2,0.2,0.27,0.19,0.34,52258.76,0.5
battersea,"Battersea, London",51.472201,-0.165547,SW (South West London),28.0,38.0,23.0,33.0,17.0,27.0,1002,1185,1305,1301,1479,1657,0,2,12,19,4,8,4,6,0,11,15,2,1,0,3,6,18,9,10,13,2,3,5,2,0.16,0.26,0.24,0.34,57629.36,0.58
bayswater,"Bayswater, London",51.513546,-0.186566,W (West London),23.0,33.0,13.0,23.0,22.0,32.0,953,1105,1305,1414,1696,2023,0,0,10,21,8,17,7,2,0,17,20,7,0,0,6,5,20,9,12,8,4,6,7,2,0.18,0.21,0.25,0.36,64941.93,0.56
beckenham,"Beckenham, London",51.40817,-0.025813,"BR (Bromley, Outer London)",35.0,45.0,37.0,47.0,36.0,46.0,783,803,888,953,1044,1105,0,0,5,15,1,6,2,1,0,8,7,1,1,0,0,3,10,6,3,2,3,1,0,2,0.16,0.14,0.21,0.49,54665.61,0.5
beckton,"Beckton, London",51.515638,0.079979,E (East London),36.0,46.0,39.0,49.0,35.0,45.0,522,696,927,1005,1053,1105,0,4,0,5,0,0,1,0,0,0,2,0,3,1,0,1,1,1,3,0,0,0,1,2,0.28,0.26,0.18,0.28,36673.0,0.49
beddington,"Beddington, London",51.369234,-0.127069,"CR (Croydon, Outer London)",42.0,52.0,50.0,60.0,40.0,50.0,597,842,1086,753,905,979,0,4,6,11,0,14,5,0,0,6,3,1,3,1,1,4,16,6,2,5,1,0,3,2,0.0,0.0,0.0,0.0,0.0,0.0
bedford_park,"Bedford Park, London",51.501919,-0.255319,W (West London),37.0,47.0,28.0,38.0,34.0,44.0,866,927,1005,1253,1357,1540,0,0,13,10,3,12,1,1,0,13,10,11,1,1,3,5,20,12,6,9,5,1,3,2,0.21,0.15,0.22,0.42,64366.16,0.58
belgravia,"Belgravia, London",51.498227,-0.153549,SW (South West London),23.0,33.0,14.0,24.0,17.0,27.0,1275,1544,1849,2066,2371,2827,0,0,14,22,15,17,16,10,0,20,20,20,0,0,12,16,21,13,8,8,11,8,5,2,0.18,0.17,0.21,0.44,82403.33,0.57
bellingham,"Bellingham, London",51.432925,-0.018278,SE (South East London),30.0,40.0,39.0,49.0,29.0,39.0,805,805,805,626,953,1053,2,0,3,5,0,13,3,0,0,6,1,1,2,2,0,0,7,3,4,0,2,0,0,2,0.29,0.13,0.14,0.43,35888.22,0.46
belmont,"Belmont, London",51.343568,-0.200797,"SM (Sutton, Outer London)",53.0,63.0,50.0,60.0,43.0,53.0,,,,902,966,1041,0,0,3,5,0,3,0,1,0,7,5,2,0,1,0,0,4,2,1,2,1,1,1,2,0.23,0.09,0.12,0.57,68667.0,0.52
belsize_park,"Belsize Park, London",51.547562,-0.167108,NW (North West London),23.0,33.0,18.0,28.0,20.0,30.0,945,1066,1253,1392,1566,1783,0,0,11,16,1,11,6,3,0,10,16,8,1,1,1,1,20,6,6,7,3,3,4,2,0.21,0.17,0.22,0.4,62679.34,0.55
bermondsey,"Bermondsey, London",51.492265,-0.065201,SE (South East London),17.0,27.0,22.0,32.0,13.0,23.0,942,1105,1205,1253,1396,1605,1,3,10,16,0,13,2,0,0,7,7,3,4,0,3,5,20,11,11,4,3,1,3,2,0.23,0.23,0.19,0.35,33405.4,0.5
berrylands,"Berrylands, London",51.392215,-0.293224,"KT (Kingston, Outer London)",45.0,55.0,43.0,53.0,30.0,40.0,796,853,900,722,1000,1105,1,0,4,10,0,7,0,2,0,13,9,2,0,0,1,0,16,5,2,3,3,1,1,2,0.21,0.18,0.17,0.44,53259.91,0.53
bethnal_green,"Bethnal Green, London",51.531103,-0.048081,E (East London),19.0,29.0,22.0,32.0,24.0,34.0,761,957,1205,1153,1364,1605,0,2,15,19,1,11,4,0,0,8,11,6,1,0,5,7,20,11,9,8,2,0,3,2,0.25,0.28,0.2,0.27,43372.1,0.5
bexley,"Bexley, London",51.451902,0.117179,"DA (Dartford, Outer London)",49.0,59.0,61.0,71.0,51.0,61.0,705,783,853,805,927,1053,0,2,11,11,1,12,0,1,0,15,4,0,1,1,1,1,12,2,4,3,4,1,0,2,0.24,0.12,0.12,0.52,47187.11,0.49
bickley,"Bickley, London",51.389947,0.04929,"BR (Bromley, Outer London)",37.0,47.0,51.0,61.0,40.0,50.0,728,803,878,905,1005,1053,0,0,4,5,2,8,0,0,0,7,2,1,0,1,1,0,10,2,1,1,0,1,1,2,0.24,0.08,0.11,0.56,64983.0,0.53
blackfriars,"Blackfriars, London",51.511992,-0.103862,EC (East Central London),2.0,12.0,12.0,22.0,8.0,18.0,1180,1283,1604,1457,1505,1690,0,0,17,22,20,20,17,15,9,20,20,20,0,0,20,20,20,20,20,14,20,6,53,2,0.12,0.19,0.19,0.5,59728.0,0.56
blackheath,"Blackheath, London",51.465839,0.009034,SE (South East London),19.0,29.0,30.0,40.0,20.0,30.0,927,1053,1253,1153,1301,1372,1,1,6,14,1,7,2,0,0,8,9,3,1,0,6,0,16,7,2,1,3,0,2,2,0.18,0.15,0.23,0.44,70765.46,0.55
blackwall,"Blackwall, London",51.507984,-0.007196,E (East London),15.0,25.0,25.0,35.0,20.0,30.0,1214,1505,1740,1435,1740,2153,0,2,2,24,4,10,5,1,0,12,9,7,1,1,3,4,15,2,10,2,0,1,8,2,0.24,0.27,0.25,0.24,55079.61,0.52
bloomsbury,"Bloomsbury, London",51.521896,-0.12796,WC (West Central London),12.0,22.0,11.0,21.0,10.0,20.0,1153,1305,1522,1414,1677,1957,2,0,20,19,20,20,20,20,4,20,20,20,2,0,20,20,20,20,20,20,21,8,25,2,0.19,0.31,0.18,0.32,41196.92,0.53
bounds_green,"Bounds Green, London",51.608681,-0.127467,N (North London),28.0,38.0,24.0,34.0,30.0,40.0,796,892,1005,887,1105,1253,0,0,7,6,1,10,3,0,0,10,6,1,0,2,0,2,12,3,3,1,4,0,1,2,0.24,0.18,0.21,0.38,36433.55,0.48
bow,"Bow, London",51.532089,-0.03082,E (East London),20.0,30.0,25.0,35.0,26.0,36.0,718,892,1205,1153,1285,1405,0,1,5,14,1,7,2,0,1,5,9,1,2,0,3,8,22,5,8,5,1,1,2,2,0.22,0.27,0.21,0.3,48562.52,0.5
bowes_park,"Bowes Park, London",51.607143,-0.120453,N (North London),29.0,39.0,24.0,34.0,31.0,41.0,753,870,953,933,1105,1205,0,0,8,8,1,10,5,0,0,10,8,2,1,2,0,2,13,5,3,0,4,0,1,2,0.21,0.2,0.21,0.38,38104.77,0.48
brent_cross,"Brent Cross, London",51.576359,-0.223696,NW (North West London),32.0,42.0,27.0,37.0,29.0,39.0,787,900,953,962,1153,1253,0,0,7,5,0,10,2,0,0,1,8,6,1,1,0,1,7,5,5,1,0,2,3,2,0.28,0.2,0.17,0.35,39363.73,0.52
brentford,"Brentford, London",51.486073,-0.310117,"TW (Twickenham, Outer London)",42.0,52.0,32.0,42.0,29.0,39.0,972,1066,1205,1301,1379,1505,0,0,2,8,1,7,2,1,0,9,5,1,0,2,4,0,18,7,4,1,3,0,0,2,0.21,0.19,0.2,0.4,45202.0,0.5
brixton,"Brixton, London",51.461279,-0.115615,SW (South West London),20.0,30.0,17.0,27.0,16.0,26.0,887,957,1105,1205,1357,1496,0,0,10,20,2,13,4,0,0,7,7,10,2,0,3,11,20,12,9,6,3,1,4,2,0.19,0.3,0.21,0.3,41950.94,0.53
brockley,"Brockley, London",51.463772,-0.036603,SE (South East London),23.0,33.0,25.0,35.0,21.0,31.0,824,853,905,1005,1153,1253,0,3,7,16,1,11,4,0,0,8,5,4,0,0,1,6,20,9,6,2,5,0,2,2,0.21,0.24,0.22,0.33,41762.7,0.51
bromley,"Bromley, London",51.367971,0.070062,"BR (Bromley, Outer London)",42.0,52.0,51.0,61.0,43.0,53.0,758,853,905,905,1005,1131,0,0,3,1,0,3,0,0,0,2,1,0,1,0,1,0,8,1,1,0,0,1,0,2,0.23,0.08,0.09,0.6,62278.0,0.5
bromleybybow,"Bromley-by-Bow, London",51.527821,-0.012837,E (East London),24.0,34.0,26.0,36.0,28.0,38.0,761,1196,1294,1179,1279,1401,0,0,4,16,0,6,3,0,1,3,4,2,2,0,3,5,18,3,6,4,4,1,1,2,0.28,0.27,0.21,0.25,41159.08,0.49
brompton,"Brompton, London",51.494026,-0.168659,SW (South West London),22.0,32.0,19.0,29.0,20.0,30.0,1196,1405,1631,1827,2153,2936,0,0,12,22,12,17,8,11,0,13,20,15,0,0,8,10,20,11,6,12,5,6,5,2,0.17,0.16,0.19,0.48,97108.1,0.62
brondesbury,"Brondesbury, London",51.545397,-0.200411,NW (North West London),28.0,38.0,20.0,30.0,21.0,31.0,879,1005,1179,1205,1357,1505,1,0,12,19,1,11,5,0,0,16,14,12,0,0,2,4,20,11,10,5,4,3,4,2,0.17,0.23,0.25,0.35,51823.86,0.54
brunswick_park,"Brunswick Park, London",51.474945,-0.085859,SE (South East London),28.0,38.0,29.0,39.0,18.0,28.0,685,853,1053,1005,1131,1253,0,4,10,18,0,14,3,0,0,10,4,3,5,4,1,5,20,4,10,4,1,0,3,2,0.26,0.19,0.19,0.36,37820.4,0.52
burnt_oak,"Burnt Oak, London",51.602809,-0.266965,"HA (Harrow, Outer London)",40.0,50.0,36.0,46.0,38.0,48.0,568,805,853,929,1005,1142,1,5,4,15,1,11,1,0,0,13,6,4,1,3,1,1,11,4,4,2,2,0,2,2,0.29,0.15,0.17,0.38,29015.0,0.46
camberwell,"Camberwell, London",51.474085,-0.093014,SE (South East London),23.0,33.0,25.0,35.0,14.0,24.0,900,1005,1101,1153,1253,1357,0,4,11,14,0,14,3,0,0,7,6,8,3,4,1,2,20,5,10,5,1,0,4,2,0.25,0.2,0.19,0.37,37669.38,0.51
camden_town,"Camden Town, London",51.539026,-0.142552,NW (North West London),17.0,27.0,10.0,20.0,15.0,25.0,1022,1205,1414,1345,1522,1802,1,0,14,19,3,8,8,4,0,16,14,8,3,1,7,5,20,14,7,8,4,2,6,2,0.2,0.23,0.2,0.38,48974.76,0.53
canary_wharf,"Canary Wharf, London",51.505431,-0.023533,E (East London),16.0,26.0,23.0,33.0,17.0,27.0,1205,1414,1718,1357,1588,2001,0,2,2,22,3,13,5,1,0,14,8,10,1,0,5,3,17,4,12,1,1,1,10,2,0.23,0.26,0.25,0.25,58233.56,0.53
cann_hall,"Cann Hall, London",51.555508,0.011608,E (East London),29.0,39.0,32.0,42.0,35.0,45.0,692,753,853,1005,1105,1179,0,5,7,15,0,15,4,0,1,10,10,2,1,1,1,6,20,5,6,6,3,1,3,2,0.26,0.23,0.19,0.32,32831.73,0.48
canning_town,"Canning Town, London",51.518949,0.0132,E (East London),25.0,35.0,28.0,38.0,23.0,33.0,1218,1327,1414,1253,1392,1566,0,0,3,12,0,7,1,1,0,4,4,1,0,1,1,3,7,2,4,1,1,0,1,2,0.27,0.22,0.19,0.32,32668.06,0.48
carshalton,"Carshalton, London",51.365018,-0.164921,"SM (Sutton, Outer London)",44.0,54.0,44.0,54.0,35.0,45.0,691,816,941,853,905,979,0,0,5,6,2,9,0,1,0,9,6,1,1,0,2,1,20,8,3,7,2,0,1,2,0.24,0.11,0.15,0.5,49134.0,0.51
castelnau,"Castelnau, London",51.481189,-0.236697,SW (South West London),40.0,50.0,34.0,44.0,27.0,37.0,805,979,1153,1305,1401,1579,0,0,7,9,2,9,2,3,0,11,12,10,0,0,2,4,19,11,9,10,5,1,7,2,0.24,0.1,0.15,0.5,67364.0,0.61
catford,"Catford, London",51.445395,-0.016091,SE (South East London),23.0,33.0,37.0,47.0,25.0,35.0,726,805,900,678,953,1105,1,0,2,8,1,15,4,0,0,10,4,2,2,2,1,3,14,3,4,1,3,0,1,2,0.26,0.15,0.19,0.4,39906.99,0.48
chalk_farm,"Chalk Farm, London",51.544483,-0.152158,NW (North West London),23.0,33.0,18.0,28.0,21.0,31.0,957,1129,1267,1379,1522,1718,1,0,13,20,2,8,9,3,0,12,13,7,2,1,3,6,20,7,7,5,2,1,3,2,0.23,0.18,0.19,0.4,49683.87,0.52
charing_cross,"Charing Cross, London",51.508136,-0.124762,WC (West Central London),7.0,17.0,4.0,14.0,4.0,14.0,1522,1631,1740,1849,2110,2501,0,0,19,20,20,20,21,19,4,20,20,20,1,0,20,20,20,20,20,20,20,6,26,2,0.14,0.23,0.21,0.43,82668.99,0.55
charlton,"Charlton, London",51.49004,0.030774,SE (South East London),30.0,40.0,33.0,43.0,30.0,40.0,905,953,994,653,1005,1136,1,3,5,7,0,10,2,0,0,5,1,0,1,0,0,1,9,6,1,3,0,0,1,2,0.25,0.15,0.22,0.38,51830.0,0.51
cheam,"Cheam, London",51.361927,-0.218926,"SM (Sutton, Outer London)",49.0,59.0,49.0,59.0,42.0,52.0,689,779,853,877,979,1066,0,3,7,14,2,13,2,1,0,11,10,3,0,1,3,2,16,5,4,5,1,2,2,2,0.26,0.1,0.12,0.52,50356.64,0.51
chelsea,"Chelsea, London",51.486943,-0.170037,SW (South West London),23.0,33.0,18.0,28.0,21.0,31.0,1175,1305,1588,1740,2001,2463,0,0,12,21,9,16,8,10,0,14,20,13,0,0,9,7,21,11,10,14,3,6,4,2,0.17,0.16,0.2,0.47,82686.46,0.61
chessington,"Chessington, London",51.363583,-0.296254,"KT (Kingston, Outer London)",53.0,63.0,47.0,57.0,35.0,45.0,,,,766,927,979,0,0,2,3,0,3,0,0,0,2,0,0,1,0,0,0,3,2,4,0,1,0,0,2,0.24,0.13,0.16,0.47,44409.0,0.5
childs_hill,"Childs Hill, London",51.562826,-0.196481,NW (North West London),30.0,40.0,23.0,33.0,26.0,36.0,953,1088,1204,1196,1262,1446,0,0,5,9,1,7,2,1,0,7,12,13,1,0,0,3,13,8,7,5,3,1,2,2,0.22,0.18,0.19,0.41,66556.66,0.56
chinatown,"Chinatown, London",51.511008,-0.131821,W (West London),10.0,20.0,6.0,16.0,10.0,20.0,1305,1414,1631,1705,1957,2358,1,0,20,20,20,20,20,20,4,20,20,20,1,0,20,20,20,20,19,19,20,7,24,2,0.11,0.26,0.22,0.4,75501.19,0.55
chingford,"Chingford, London",51.632067,0.007363,E (East London),41.0,51.0,35.0,45.0,41.0,51.0,705,846,905,953,1005,1153,0,0,3,5,0,2,0,0,0,5,5,2,0,0,0,0,9,0,1,1,0,0,2,2,0.22,0.12,0.12,0.55,58890.0,0.48
chislehurst,"Chislehurst, London",51.412626,0.077487,"BR (Bromley, Outer London)",35.0,45.0,52.0,62.0,38.0,48.0,,,,824,905,1005,0,0,0,1,0,1,0,0,0,4,3,0,0,0,1,1,7,1,0,2,0,0,1,2,0.26,0.1,0.09,0.55,45204.0,0.47
chiswick,"Chiswick, London",51.487627,-0.267173,W (West London),38.0,48.0,34.0,44.0,30.0,40.0,794,953,1105,1253,1357,1505,0,0,5,9,4,6,1,2,0,4,8,7,0,0,4,1,21,7,3,4,4,1,2,2,0.22,0.13,0.19,0.46,67700.0,0.57
church_end,"Church End, London",51.604606,-0.188283,N (North London),35.0,45.0,29.0,39.0,32.0,42.0,805,905,979,1083,1205,1305,1,0,5,10,0,5,2,0,0,9,8,4,0,0,1,1,13,3,3,3,0,3,3,2,0.2,0.17,0.24,0.39,48274.0,0.53
clapham,"Clapham, London",51.465881,-0.141326,SW (South West London),23.0,33.0,23.0,33.0,19.0,29.0,933,1053,1148,1305,1479,1606,0,2,9,16,0,12,3,3,0,12,12,5,3,0,1,8,21,15,7,10,2,4,7,2,0.18,0.28,0.22,0.32,48903.01,0.56
clerkenwell,"Clerkenwell, London",51.52649,-0.107875,EC (East Central London),12.0,22.0,12.0,22.0,14.0,24.0,1205,1405,1718,1596,1892,2284,0,0,15,21,10,16,17,12,4,20,20,19,0,0,20,16,20,20,20,13,15,7,34,2,0.2,0.28,0.19,0.33,47390.24,0.53
colindale,"Colindale, London",51.589691,-0.249103,NW (North West London),38.0,48.0,32.0,42.0,34.0,44.0,826,979,1088,1105,1253,1357,1,5,4,8,1,14,1,0,0,6,5,3,0,2,3,1,16,6,2,1,1,0,2,2,0.26,0.2,0.18,0.37,35479.58,0.49
colliers_wood,"Colliers Wood, London",51.417044,-0.177856,SW (South West London),23.0,33.0,24.0,34.0,19.0,29.0,742,940,995,929,1179,1253,2,1,7,20,1,11,2,1,0,11,9,8,5,2,1,5,20,11,9,7,4,1,2,2,0.2,0.21,0.26,0.33,47634.9,0.54
colney_hatch,"Colney Hatch, London",51.601315,-0.14762,N (North London),36.0,46.0,32.0,42.0,34.0,44.0,848,953,1083,1105,1205,1283,0,0,3,8,2,7,4,0,0,7,6,2,0,0,0,1,16,3,4,5,7,1,2,2,0.25,0.15,0.19,0.42,49508.88,0.53
coulsdon,"Coulsdon, London",51.319941,-0.141267,"CR (Croydon, Outer London)",36.0,46.0,47.0,57.0,35.0,45.0,816,905,905,853,1003,1105,1,0,3,4,1,9,0,0,0,3,3,1,0,0,1,1,3,0,1,1,1,2,0,2,0.25,0.12,0.13,0.49,51188.0,0.49
covent_garden,"Covent Garden, London",51.511657,-0.124044,WC (West Central London),7.0,17.0,7.0,17.0,6.0,16.0,1405,1544,1718,1839,2066,2393,1,0,20,22,20,20,20,20,4,20,20,20,1,0,20,20,20,20,20,19,20,6,29,2,0.11,0.28,0.21,0.4,65972.13,0.54
cowley,"Cowley, London",51.525848,-0.482051,"UB (Uxbridge, Outer London)",49.0,59.0,41.0,51.0,45.0,55.0,753,796,853,679,953,1105,1,0,4,2,0,10,0,0,0,5,0,1,1,1,1,1,9,0,3,1,2,0,0,2,0.24,0.21,0.18,0.37,33009.0,0.49
cricklewood,"Cricklewood, London",51.558189,-0.216358,NW (North West London),29.0,39.0,23.0,33.0,25.0,35.0,805,935,1044,1105,1253,1405,0,0,5,10,1,7,1,0,0,11,8,6,1,0,1,2,8,7,6,2,1,1,2,2,0.23,0.2,0.2,0.37,37534.7,0.51
crofton_park,"Crofton Park, London",51.452284,-0.033294,SE (South East London),30.0,40.0,38.0,48.0,31.0,41.0,739,840,888,953,1105,1253,1,1,4,11,1,14,3,0,0,7,5,1,1,2,1,1,15,7,4,0,4,0,1,2,0.24,0.16,0.21,0.39,45862.45,0.5
crouch_end,"Crouch End, London",51.581998,-0.122146,N (North London),33.0,43.0,28.0,38.0,34.0,44.0,826,953,1088,1153,1257,1382,0,0,8,17,2,7,7,2,0,13,14,10,1,1,0,3,20,10,5,6,5,2,3,2,0.21,0.16,0.22,0.41,54743.53,0.55
croydon,"Croydon, London",51.376165,-0.098234,"CR (Croydon, Outer London)",25.0,35.0,32.0,42.0,26.0,36.0,704,805,887,905,1005,1105,0,0,8,14,0,16,6,0,0,15,7,3,3,1,2,5,21,8,7,2,6,1,2,2,0.24,0.2,0.22,0.34,33444.02,0.48
crystal_palace,"Crystal Palace, London",51.419723,-0.083064,SE (South East London),35.0,45.0,37.0,47.0,37.0,47.0,753,826,905,979,1101,1170,0,0,5,15,0,8,1,0,0,6,9,3,1,0,2,2,20,1,4,2,3,0,0,2,0.24,0.15,0.23,0.39,39010.32,0.5
dagenham,"Dagenham, London",51.53889,0.14743,"RM (Romford, Outer London)",37.0,47.0,40.0,50.0,36.0,46.0,741,753,905,905,1005,1066,1,3,7,7,0,9,3,0,0,3,1,0,1,0,0,2,7,0,3,0,1,0,0,2,0.33,0.13,0.15,0.4,31634.01,0.46
dalston,"Dalston, London",51.545215,-0.074918,E (East London),17.0,27.0,20.0,30.0,25.0,35.0,979,1153,1499,1307,1522,1718,0,0,20,21,2,13,3,1,0,12,11,7,1,0,5,14,20,10,13,6,6,0,0,2,0.19,0.24,0.24,0.33,47677.16,0.52
de_beauvoir_town,"De Beauvoir Town, London",51.537652,-0.081145,N (North London),17.0,27.0,28.0,38.0,26.0,36.0,914,1079,1436,1305,1457,1662,0,0,20,21,6,15,9,4,1,14,19,10,1,0,4,16,20,17,17,11,5,3,9,2,0.2,0.24,0.23,0.33,42314.69,0.51
denmark_hill,"Denmark Hill, London",51.467137,-0.090788,SE (South East London),23.0,33.0,28.0,38.0,14.0,24.0,905,1003,1062,1197,1305,1405,0,1,12,21,3,13,5,0,0,9,7,8,2,2,2,4,21,5,8,7,0,0,4,2,0.24,0.2,0.2,0.36,44214.77,0.53
deptford,"Deptford, London",51.480799,-0.02311,SE (South East London),20.0,30.0,29.0,39.0,21.0,31.0,905,992,1205,1105,1301,1401,0,5,10,19,2,12,4,0,0,6,3,7,1,0,5,5,20,7,10,4,11,1,4,2,0.27,0.24,0.2,0.3,33524.93,0.5
dollis_hill,"Dollis Hill, London",51.552558,-0.238073,NW (North West London),25.0,35.0,19.0,29.0,20.0,30.0,705,853,1005,905,1153,1253,0,0,6,10,0,10,2,0,0,6,6,2,1,0,1,3,14,4,5,0,0,0,1,2,0.22,0.22,0.21,0.35,36438.77,0.5
downham,"Downham, London",51.425052,-0.005116,"BR (Bromley, Outer London)",36.0,46.0,44.0,54.0,38.0,48.0,805,826,853,552,705,753,0,0,2,4,0,6,2,0,0,3,0,0,2,0,0,0,2,1,3,0,0,0,0,2,0.29,0.13,0.14,0.44,33439.51,0.44
dulwich,"Dulwich, London",51.443326,-0.067555,SE (South East London),35.0,45.0,36.0,46.0,33.0,43.0,905,1053,1079,1153,1253,1357,0,0,6,9,0,10,3,1,0,6,6,4,0,0,2,1,22,5,3,4,0,0,1,2,0.25,0.14,0.22,0.4,52180.22,0.53
ealing,"Ealing, London",51.525037,-0.341397,W (West London),41.0,51.0,34.0,44.0,38.0,48.0,826,953,1105,1005,1205,1379,0,0,5,5,0,5,0,0,0,4,1,0,3,0,1,2,6,0,3,4,0,1,0,2,0.28,0.14,0.17,0.42,34505.28,0.46
earls_court,"Earls Court, London",51.490331,-0.195842,SW (South West London),23.0,33.0,20.0,30.0,20.0,30.0,1088,1240,1414,1522,1740,2044,0,0,15,22,9,13,5,7,0,16,20,13,0,0,9,9,21,12,14,20,3,7,7,2,0.18,0.21,0.22,0.39,64448.1,0.6
earlsfield,"Earlsfield, London",51.439994,-0.189011,SW (South West London),31.0,41.0,23.0,33.0,15.0,25.0,805,953,1042,1205,1305,1435,1,0,8,8,0,10,1,3,0,8,4,4,1,0,3,1,10,6,7,7,4,2,3,2,0.2,0.2,0.29,0.31,60910.42,0.59
east_dulwich,"East Dulwich, London",51.454564,-0.07321,SE (South East London),32.0,42.0,37.0,47.0,25.0,35.0,1005,1053,1079,1201,1279,1357,0,1,9,16,2,5,4,1,0,8,6,3,0,0,2,1,14,3,4,5,0,0,0,2,0.22,0.15,0.25,0.39,62755.08,0.56
east_finchley,"East Finchley, London",51.592468,-0.166434,N (North London),33.0,43.0,27.0,37.0,29.0,39.0,879,1000,1105,1105,1205,1305,0,0,4,4,1,3,3,0,0,5,5,2,0,0,0,0,9,2,1,3,4,1,2,2,0.23,0.17,0.19,0.41,43483.16,0.52
east_ham,"East Ham, London",51.533397,0.049911,E (East London),34.0,44.0,37.0,47.0,34.0,44.0,605,739,877,1005,1101,1153,0,1,4,3,0,8,2,0,0,12,0,0,4,0,0,5,10,2,8,0,2,0,0,2,0.3,0.21,0.18,0.32,32306.16,0.49
eastcote,"Eastcote, London",51.577812,-0.389213,"HA (Harrow, Outer London)",45.0,55.0,37.0,47.0,38.0,48.0,890,935,981,1005,1105,1179,1,0,8,5,0,10,0,1,0,12,5,0,1,0,3,0,12,3,5,3,0,0,1,2,0.24,0.1,0.12,0.53,62585.83,0.52
edgware,"Edgware, London",51.615786,-0.262034,"HA (Harrow, Outer London)",41.0,51.0,36.0,46.0,38.0,48.0,753,874,996,905,1053,1203,0,0,5,12,0,12,0,0,0,7,5,2,1,0,0,1,7,1,3,3,2,1,1,2,0.28,0.14,0.15,0.43,38037.91,0.49
edmonton,"Edmonton, London",51.624153,-0.06039,N (North London),35.0,45.0,27.0,37.0,35.0,45.0,724,805,905,853,1005,1105,0,2,3,1,0,7,1,0,0,2,3,2,2,0,1,3,11,0,2,0,2,0,0,2,0.32,0.15,0.14,0.39,28441.31,0.43
elephant_and_castle,"Elephant and Castle, London",51.495913,-0.100475,SE (South East London),12.0,22.0,13.0,23.0,4.0,14.0,900,1129,1430,1262,1505,1805,0,0,12,18,4,16,6,1,2,14,13,12,1,2,9,7,20,19,19,7,10,4,15,2,0.19,0.27,0.2,0.34,41336.57,0.54
eltham,"Eltham, London",51.450634,0.057086,SE (South East London),31.0,41.0,44.0,54.0,34.0,44.0,753,853,953,805,1105,1205,0,0,2,8,0,7,1,0,0,10,1,0,1,0,3,0,12,1,3,1,3,0,0,2,0.21,0.13,0.13,0.53,57707.37,0.46
enfield_highway,"Enfield Highway, London",51.652918,-0.041145,"EN (Enfield, Outer London)",50.0,60.0,41.0,51.0,49.0,59.0,853,1005,1305,1031,1305,1631,1,1,2,5,0,6,1,0,0,3,0,0,0,1,0,2,6,2,3,2,0,0,1,2,0.32,0.16,0.14,0.38,28390.09,0.45
enfield_town,"Enfield Town, London",51.652299,-0.080712,"EN (Enfield, Outer London)",43.0,53.0,37.0,47.0,45.0,55.0,,,,653,761,1457,1,0,4,7,0,8,2,1,0,9,6,0,1,1,1,2,18,5,2,3,3,2,5,2,0.25,0.11,0.14,0.5,51558.92,0.49
enfield_wash,"Enfield Wash, London",51.665426,-0.044962,"EN (Enfield, Outer London)",45.0,55.0,37.0,47.0,44.0,54.0,853,1005,1305,1024,1305,1657,1,0,1,3,0,7,0,0,0,5,1,0,1,0,2,1,6,2,3,0,0,0,0,2,0.33,0.15,0.14,0.38,27661.11,0.45
farringdon,"Farringdon, London",51.521532,-0.104241,EC (East Central London),10.0,20.0,11.0,21.0,13.0,23.0,1205,1305,1582,1522,1718,2153,0,0,16,23,18,18,17,13,9,20,20,20,0,0,18,20,20,20,20,14,20,9,53,2,0.18,0.26,0.19,0.37,50679.36,0.53
feltham,"Feltham, London",51.444148,-0.410772,"TW (Twickenham, Outer London)",50.0,60.0,42.0,52.0,37.0,47.0,726,779,853,902,953,1005,1,1,3,1,0,8,1,0,0,4,1,0,1,0,0,0,5,0,6,1,0,0,0,2,0.28,0.15,0.18,0.39,34861.47,0.47
finchley,"Finchley, London",51.597143,-0.197955,N (North London),33.0,43.0,27.0,37.0,30.0,40.0,813,935,1005,1105,1205,1305,0,0,12,8,0,7,3,0,0,6,5,1,0,0,1,0,6,2,2,2,0,3,2,2,0.21,0.16,0.2,0.44,51896.7,0.52
finsbury,"Finsbury, London",51.519575,-0.087336,EC (East Central London),7.0,17.0,16.0,26.0,15.0,25.0,1153,1305,1675,1522,1783,2019,0,1,14,21,16,20,11,9,5,20,20,19,0,0,12,20,20,20,20,14,9,6,46,2,0.18,0.28,0.21,0.33,48057.53,0.54
finsbury_park,"Finsbury Park, London",51.564578,-0.104726,N (North London),19.0,29.0,13.0,23.0,20.0,30.0,853,957,1094,1183,1357,1531,0,0,5,13,0,15,2,0,1,10,13,5,2,1,0,2,21,12,10,9,6,3,5,2,0.2,0.24,0.23,0.33,50879.37,0.52
fitzrovia,"Fitzrovia, London",51.521499,-0.136587,W (West London),19.0,29.0,6.0,16.0,15.0,25.0,1281,1405,1505,1566,1849,2310,1,0,20,21,20,20,21,20,4,20,20,20,2,0,20,20,20,20,19,20,20,6,25,2,0.19,0.32,0.17,0.32,47111.15,0.54
forest_gate,"Forest Gate, London",51.543922,0.026427,E (East London),29.0,39.0,31.0,41.0,33.0,43.0,724,816,905,879,1053,1153,0,0,6,11,0,14,3,0,0,13,2,3,2,1,2,10,13,2,8,2,1,0,0,2,0.26,0.25,0.18,0.31,35062.24,0.49
forest_hill,"Forest Hill, London",51.439778,-0.054642,SE (South East London),29.0,39.0,31.0,41.0,27.0,37.0,762,840,853,1005,1105,1205,1,0,3,8,0,9,2,0,0,2,6,2,1,0,2,1,20,8,4,2,3,0,1,2,0.25,0.14,0.21,0.4,46714.06,0.51
forestdale,"Forestdale, London",51.345018,-0.03804,"CR (Croydon, Outer London)",46.0,56.0,53.0,63.0,44.0,54.0,,,,879,903,905,1,0,1,0,0,4,0,0,0,2,0,0,1,0,0,0,6,1,0,0,0,0,0,2,0.24,0.13,0.14,0.49,41005.0,0.47
friern_barnet,"Friern Barnet, London",51.614197,-0.154015,N (North London),36.0,46.0,29.0,39.0,37.0,47.0,759,879,1053,1053,1153,1283,1,0,2,5,0,7,2,0,0,9,6,3,0,0,0,1,10,2,5,3,3,1,2,2,0.23,0.15,0.16,0.45,43264.0,0.51
fulham,"Fulham, London",51.477343,-0.201682,SW (South West London),28.0,38.0,25.0,35.0,26.0,36.0,917,1111,1305,1370,1557,1740,0,0,10,21,2,12,4,6,0,10,19,5,0,0,3,3,22,13,14,15,5,5,7,2,0.19,0.23,0.23,0.35,66672.94,0.61
gipsy_hill,"Gipsy Hill, London",51.42382,-0.083526,SE (South East London),35.0,45.0,35.0,45.0,31.0,41.0,610,737,846,979,1105,1205,0,0,8,19,0,9,2,0,0,5,10,4,1,0,3,2,22,4,5,2,3,0,1,2,0.25,0.13,0.2,0.42,45330.94,0.51
golders_green,"Golders Green, London",51.574001,-0.198773,NW (North West London),29.0,39.0,23.0,33.0,26.0,36.0,848,953,1088,1105,1253,1357,0,0,8,1,0,5,0,0,0,3,6,7,0,0,1,1,4,3,2,2,1,2,1,2,0.28,0.18,0.17,0.37,57059.69,0.58
gospel_oak,"Gospel Oak, London",51.556321,-0.149277,NW (North West London),29.0,39.0,18.0,28.0,27.0,37.0,873,990,1147,1305,1435,1605,1,0,10,17,0,9,7,4,0,13,11,5,1,1,0,3,20,8,6,5,1,0,3,2,0.22,0.17,0.18,0.43,51221.11,0.51
grange_park,"Grange Park, London",51.643217,-0.098055,N (North London),42.0,52.0,36.0,46.0,43.0,53.0,600,692,1432,599,1129,1205,0,0,3,7,0,6,2,0,0,10,7,0,1,0,1,0,16,4,3,0,4,4,4,2,0.23,0.11,0.1,0.56,67083.0,0.52
greenford,"Greenford, London",51.531797,-0.34622,"UB (Uxbridge, Outer London)",43.0,53.0,37.0,47.0,44.0,54.0,805,1029,1414,953,1166,1505,0,0,3,3,0,4,0,0,0,3,0,0,2,0,1,2,5,0,5,2,0,0,1,2,0.25,0.16,0.18,0.41,36728.3,0.45
greenwich,"Greenwich, London",51.493368,0.009821,SE (South East London),26.0,36.0,29.0,39.0,25.0,35.0,892,1053,1305,1253,1357,1505,1,5,9,17,4,14,3,0,0,14,1,4,1,0,6,1,17,6,5,6,1,0,3,2,0.2,0.22,0.25,0.32,52203.04,0.54
grove_park,"Grove Park, London",51.432925,0.021203,SE (South East London),20.0,30.0,35.0,45.0,21.0,31.0,796,900,900,660,990,1101,0,0,5,1,0,5,0,0,0,2,0,0,1,0,0,0,3,1,2,0,0,0,0,2,0.29,0.13,0.15,0.43,37189.49,0.46
gunnersbury,"Gunnersbury, London",51.493352,-0.278887,W (West London),40.0,50.0,34.0,44.0,36.0,46.0,805,981,1141,1148,1305,1405,0,0,6,12,4,6,3,2,0,7,5,11,1,1,6,1,20,11,3,5,4,1,3,2,0.22,0.16,0.2,0.42,55112.58,0.54
hackney,"Hackney, London",51.573445,-0.072438,N (North London),29.0,39.0,23.0,33.0,30.0,40.0,905,1040,1355,1205,1440,1705,0,2,11,8,0,10,0,0,0,5,7,4,1,1,2,4,15,10,5,2,3,0,1,2,0.35,0.18,0.18,0.29,39329.72,0.59
hackney_central,"Hackney Central, London",51.548234,-0.057387,E (East London),17.0,27.0,20.0,30.0,27.0,37.0,874,1005,1116,1185,1357,1557,0,0,17,19,2,12,4,0,0,8,7,6,1,0,3,14,20,6,8,5,4,0,0,2,0.24,0.21,0.22,0.33,35581.88,0.49
hackney_marshes,"Hackney Marshes, London",51.557944,-0.031185,E (East London),37.0,47.0,41.0,51.0,46.0,56.0,805,924,1105,1173,1301,1410,1,3,3,12,2,6,1,0,0,2,4,1,0,1,0,4,13,2,4,0,1,0,1,2,0.3,0.17,0.17,0.36,32738.46,0.49
hackney_wick,"Hackney Wick, London",51.544579,-0.025694,E (East London),26.0,36.0,26.0,36.0,30.0,40.0,711,853,1161,1153,1305,1457,0,5,6,20,2,7,4,0,1,4,8,1,2,0,0,3,19,3,3,5,4,1,3,2,0.25,0.21,0.2,0.34,35808.33,0.46
hadley_wood,"Hadley Wood, London",51.667815,-0.177611,"EN (Enfield, Outer London)",36.0,46.0,30.0,40.0,37.0,47.0,853,929,975,979,1105,1205,0,0,0,1,0,1,0,0,0,2,3,0,0,0,0,1,5,0,0,1,1,0,0,2,0.0,0.0,0.0,0.0,0.0,0.0
haggerston,"Haggerston, London",51.537328,-0.074897,E (East London),15.0,25.0,25.0,35.0,24.0,34.0,913,1370,1762,1392,1609,1827,0,1,18,21,4,17,7,4,1,17,17,11,1,0,6,19,20,15,17,12,6,0,6,2,0.2,0.24,0.23,0.32,39845.03,0.5
hainault,"Hainault, London",51.608315,0.119312,"IG (Ilford, Outer London)",49.0,59.0,52.0,62.0,55.0,65.0,679,766,853,805,1005,1053,0,0,1,2,0,2,0,0,0,1,1,0,0,0,1,0,3,0,1,0,0,0,0,2,0.28,0.12,0.14,0.46,31053.0,0.41
hammersmith,"Hammersmith, London",51.491187,-0.223731,W (West London),26.0,36.0,21.0,31.0,23.0,33.0,870,1053,1180,1305,1457,1731,0,0,13,20,3,16,4,2,1,16,18,9,1,0,3,7,22,15,14,14,6,5,8,2,0.17,0.25,0.22,0.36,53426.91,0.56
hampstead,"Hampstead, London",51.555646,-0.176175,NW (North West London),23.0,33.0,18.0,28.0,20.0,30.0,953,1088,1277,1389,1566,1783,0,0,9,10,1,6,4,1,0,14,14,9,0,0,3,3,18,3,6,4,4,2,1,2,0.22,0.13,0.19,0.46,89916.76,0.61
hampstead_garden_suburb,"Hampstead Garden Suburb, London",51.580922,-0.189599,NW (North West London),35.0,45.0,30.0,40.0,31.0,41.0,907,1088,1205,1243,1392,1631,0,0,8,1,0,2,1,0,0,2,5,5,0,0,2,1,7,4,2,3,1,1,1,2,0.26,0.13,0.15,0.46,71925.13,0.58
hampton,"Hampton, London",51.413394,-0.366712,"TW (Twickenham, Outer London)",58.0,68.0,50.0,60.0,45.0,55.0,796,824,928,1000,1101,1229,0,0,7,0,0,6,0,1,0,11,6,0,0,0,1,1,16,4,3,4,4,1,0,2,0.0,0.0,0.0,0.0,0.0,0.0
hampton_hill,"Hampton Hill, London",51.427313,-0.351431,"TW (Twickenham, Outer London)",61.0,71.0,53.0,63.0,47.0,57.0,941,977,1012,1000,1101,1305,0,0,8,8,2,7,0,0,0,8,6,1,1,0,0,1,20,5,2,4,8,0,0,2,0.25,0.1,0.16,0.49,56535.16,0.58
hampton_wick,"Hampton Wick, London",51.413541,-0.321331,"KT (Kingston, Outer London)",59.0,69.0,50.0,60.0,43.0,53.0,867,903,939,1103,1179,1368,1,0,7,15,1,6,3,1,0,5,8,9,0,0,2,6,20,4,2,5,4,2,1,2,0.25,0.11,0.15,0.49,53492.0,0.57
hanwell,"Hanwell, London",51.506637,-0.338323,W (West London),41.0,51.0,35.0,45.0,39.0,49.0,753,879,972,1053,1177,1282,0,0,5,11,0,8,0,0,0,8,9,2,2,0,2,1,13,4,2,3,0,1,0,2,0.24,0.14,0.2,0.42,50684.9,0.52
hanworth,"Hanworth, London",51.427886,-0.386533,"TW (Twickenham, Outer London)",68.0,78.0,61.0,71.0,54.0,64.0,659,753,905,929,979,1092,0,0,3,1,0,0,0,0,0,1,1,0,0,0,1,0,4,4,2,0,1,1,0,2,0.23,0.11,0.15,0.51,43246.0,0.48
harefield,"Harefield, London",51.60314,-0.484045,"UB (Uxbridge, Outer London)",56.0,66.0,50.0,60.0,56.0,66.0,770,848,927,497,916,953,0,0,2,1,0,1,0,0,0,1,0,0,0,0,1,0,5,0,0,1,0,0,0,2,0.0,0.0,0.0,0.0,0.0,0.0
harlesden,"Harlesden, London",51.537101,-0.242734,NW (North West London),37.0,47.0,28.0,38.0,32.0,42.0,776,853,989,1002,1205,1305,0,0,9,9,0,6,1,0,0,6,2,2,0,0,1,3,15,5,5,2,0,0,1,2,0.28,0.16,0.19,0.37,28685.0,0.49
harlington,"Harlington, London",51.487296,-0.434749,"UB (Uxbridge, Outer London)",47.0,57.0,38.0,48.0,42.0,52.0,753,779,853,953,1005,1053,0,2,0,9,0,2,0,0,0,6,0,0,0,0,1,0,8,0,2,0,0,0,0,2,0.28,0.17,0.2,0.36,31163.0,0.48
harringay,"Harringay, London",51.582426,-0.09966,N (North London),28.0,38.0,25.0,35.0,30.0,40.0,805,905,1005,1105,1262,1396,0,0,13,14,1,10,5,1,0,8,12,8,2,1,0,3,15,14,8,6,4,1,2,2,0.18,0.25,0.24,0.33,33893.54,0.47
harrow,"Harrow, London",51.580559,-0.341995,"HA (Harrow, Outer London)",38.0,48.0,32.0,42.0,35.0,45.0,753,879,979,979,1105,1205,1,1,7,12,0,12,2,0,0,15,6,1,1,1,2,0,14,2,6,2,1,1,1,2,0.24,0.17,0.2,0.39,40073.17,0.5
harrow_on_the_hill,"Harrow on the Hill, London",51.570632,-0.339636,"HA (Harrow, Outer London)",44.0,54.0,37.0,47.0,37.0,47.0,826,953,1053,1000,1153,1253,1,0,4,7,0,9,2,0,0,10,3,0,1,1,1,0,14,0,6,1,1,1,1,2,0.28,0.14,0.19,0.39,43536.03,0.51
harrow_weald,"Harrow Weald, London",51.605258,-0.33804,"HA (Harrow, Outer London)",43.0,53.0,34.0,44.0,39.0,49.0,698,800,905,904,1005,1105,0,1,2,5,0,8,0,0,0,4,1,1,1,1,1,0,11,1,1,1,0,1,0,2,0.27,0.14,0.14,0.44,34964.94,0.47
hatch_end,"Hatch End, London",51.610424,-0.370708,"HA (Harrow, Outer London)",42.0,52.0,34.0,44.0,41.0,51.0,663,700,721,1005,1053,1105,0,0,2,3,0,1,0,1,0,3,4,0,1,1,0,0,5,0,1,0,1,0,1,2,0.0,0.0,0.0,0.0,0.0,0.0
hayes,"Hayes, London",51.516758,-0.436786,"UB (Uxbridge, Outer London)",56.0,66.0,46.0,56.0,50.0,60.0,753,853,979,953,1053,1179,0,1,5,3,0,9,0,0,0,10,0,0,2,0,1,2,10,1,3,1,4,0,2,2,0.31,0.16,0.16,0.37,30518.3,0.47
hendon,"Hendon, London",51.58609,-0.230706,NW (North West London),32.0,42.0,27.0,37.0,29.0,39.0,792,874,968,1039,1153,1263,0,0,4,8,0,10,4,0,0,2,5,3,0,1,3,1,10,6,5,1,1,1,4,2,0.23,0.21,0.18,0.38,35815.07,0.49
herne_hill,"Herne Hill, London",51.460921,-0.09854,SE (South East London),28.0,38.0,29.0,39.0,22.0,32.0,853,905,979,1105,1253,1357,0,0,11,16,3,12,3,0,0,8,8,8,2,1,2,5,19,7,6,7,2,0,2,2,0.25,0.19,0.21,0.36,46527.62,0.54
highams_park,"Highams Park, London",51.608375,0.001471,E (East London),37.0,47.0,31.0,41.0,37.0,47.0,,,,979,1005,1153,0,0,1,5,0,11,1,0,0,9,3,1,0,1,0,1,9,3,5,3,1,0,3,2,0.26,0.12,0.12,0.49,55288.0,0.5
highbury,"Highbury, London",51.556965,-0.097966,N (North London),23.0,33.0,19.0,29.0,26.0,36.0,905,1022,1153,1287,1457,1605,0,0,12,19,1,14,2,2,1,14,16,8,2,1,0,7,20,14,13,13,8,3,4,2,0.2,0.23,0.25,0.33,59730.89,0.55
highgate,"Highgate, London",51.571704,-0.150124,N (North London),30.0,40.0,26.0,36.0,29.0,39.0,848,1000,1153,1196,1305,1444,1,0,4,8,1,2,2,1,0,7,8,4,0,0,1,2,18,6,4,3,2,1,0,2,0.2,0.15,0.2,0.45,65689.49,0.55
hillingdon,"Hillingdon, London",51.535183,-0.448138,"UB (Uxbridge, Outer London)",65.0,75.0,56.0,66.0,60.0,70.0,753,826,911,927,1053,1153,0,0,5,6,0,8,0,0,0,3,0,0,0,0,2,1,5,0,1,0,3,0,0,2,0.26,0.17,0.14,0.43,37116.83,0.48
hither_green,"Hither Green, London",51.450648,-0.004389,SE (South East London),21.0,31.0,35.0,45.0,22.0,32.0,796,885,910,1011,1153,1253,1,1,5,14,0,14,4,0,0,9,7,3,2,2,2,0,16,6,5,1,4,0,1,2,0.25,0.15,0.22,0.39,45756.79,0.5
holborn,"Holborn, London",51.51758,-0.114515,WC (West Central London),4.0,14.0,6.0,16.0,6.0,16.0,1305,1522,1902,1631,1957,2502,0,0,20,20,21,20,22,18,8,20,20,20,1,0,20,20,20,20,20,20,20,8,40,2,0.16,0.29,0.2,0.35,48650.55,0.53
holland_park,"Holland Park, London",51.503225,-0.203667,W (West London),29.0,39.0,19.0,29.0,27.0,37.0,842,1196,1414,1566,1853,2393,0,0,12,23,10,20,8,3,1,17,20,10,1,0,6,9,21,13,15,12,5,9,9,2,0.19,0.15,0.21,0.45,83887.26,0.62
holloway,"Holloway, London",51.557017,-0.115522,N (North London),24.0,34.0,19.0,29.0,24.0,34.0,835,966,1105,1240,1392,1505,1,0,8,17,0,16,3,1,1,10,12,8,2,2,0,5,20,15,11,12,4,4,4,2,0.2,0.27,0.22,0.32,44221.35,0.5
homerton,"Homerton, London",51.547861,-0.04259,E (East London),23.0,33.0,22.0,32.0,30.0,40.0,739,853,1088,1105,1283,1357,0,0,11,19,2,9,3,0,0,6,7,3,1,0,2,7,22,4,4,3,3,0,1,2,0.26,0.21,0.2,0.34,34448.63,0.49
honor_oak,"Honor Oak, London",51.448998,-0.045734,SE (South East London),25.0,35.0,28.0,38.0,24.0,34.0,805,992,1066,1105,1225,1305,1,0,4,10,1,15,3,0,0,5,6,2,1,0,2,1,21,7,3,2,3,0,0,2,0.24,0.14,0.22,0.4,53862.42,0.52
hornsey,"Hornsey, London",51.587272,-0.110381,N (North London),29.0,39.0,25.0,35.0,32.0,42.0,805,918,1040,1153,1262,1392,0,0,9,12,1,12,6,2,0,12,12,7,1,1,0,2,20,10,6,5,3,1,2,2,0.21,0.21,0.23,0.35,39018.05,0.5
hounslow,"Hounslow, London",51.482836,-0.388206,"TW (Twickenham, Outer London)",55.0,65.0,46.0,56.0,50.0,60.0,800,927,1053,927,1153,1357,0,1,2,2,5,3,2,0,0,5,0,0,0,0,0,1,5,1,3,0,0,0,0,2,0.28,0.17,0.16,0.4,31985.24,0.45
hoxton,"Hoxton, London",51.531062,-0.086609,N (North London),13.0,23.0,21.0,31.0,20.0,30.0,946,1268,1631,1349,1605,1861,0,1,17,21,11,16,13,8,1,19,20,20,0,0,9,17,20,18,20,14,7,3,26,2,0.21,0.27,0.22,0.31,40259.99,0.52
ickenham,"Ickenham, London",51.563966,-0.442299,"UB (Uxbridge, Outer London)",44.0,54.0,37.0,47.0,41.0,51.0,753,753,779,905,1053,1205,0,0,3,2,1,5,0,0,0,4,3,0,0,0,2,0,11,1,2,0,4,2,0,2,0.24,0.09,0.11,0.57,64490.0,0.52
ilford,"Ilford, London",51.556619,0.076251,"IG (Ilford, Outer London)",33.0,43.0,36.0,46.0,37.0,47.0,783,805,905,953,1079,1153,0,0,3,7,0,8,3,0,0,11,1,0,2,0,2,5,11,3,3,0,2,0,5,2,0.32,0.2,0.19,0.29,30376.99,0.49
isle_of_dogs,"Isle of Dogs, London",51.496612,-0.014655,E (East London),19.0,29.0,29.0,39.0,24.0,34.0,1153,1405,1718,1349,1531,1957,0,3,7,25,6,14,6,1,0,15,8,11,0,0,3,3,20,2,10,5,3,2,9,2,0.19,0.27,0.28,0.25,69024.29,0.56
isleworth,"Isleworth, London",51.467121,-0.329003,"TW (Twickenham, Outer London)",51.0,61.0,46.0,56.0,35.0,45.0,805,900,1005,1005,1105,1231,0,1,3,18,3,8,4,2,0,8,9,4,1,0,2,2,19,3,6,4,4,1,1,2,0.26,0.14,0.21,0.38,39610.23,0.51
islington,"Islington, London",51.546506,-0.105806,N (North London),22.0,32.0,15.0,25.0,22.0,32.0,894,1042,1240,1305,1505,1718,0,0,9,19,1,13,6,3,1,12,18,8,1,1,1,4,20,11,15,15,6,5,8,2,0.19,0.24,0.22,0.35,57573.3,0.53
kenley,"Kenley, London",51.32633,-0.102494,"CR (Croydon, Outer London)",40.0,50.0,51.0,61.0,39.0,49.0,,,,661,792,922,0,0,3,2,0,7,0,0,0,5,2,0,0,0,1,1,5,1,1,1,0,0,0,2,0.26,0.11,0.16,0.47,51610.0,0.5
kennington,"Kennington, London",51.487975,-0.111936,SE (South East London),19.0,29.0,16.0,26.0,9.0,19.0,1000,1205,1605,1305,1557,1805,0,0,9,15,1,12,4,2,1,12,12,4,1,2,5,8,21,13,19,4,5,3,5,2,0.19,0.25,0.21,0.35,41171.11,0.53
kensal_green,"Kensal Green, London",51.534507,-0.225019,NW (North West London),33.0,43.0,24.0,34.0,29.0,39.0,705,853,1005,1005,1305,1405,0,0,10,11,0,5,1,0,0,9,5,2,0,0,2,4,12,9,6,5,1,0,2,2,0.22,0.16,0.19,0.42,51531.64,0.51
kensington,"Kensington, London",51.501009,-0.193279,W (West London),19.0,29.0,15.0,25.0,18.0,28.0,1083,1305,1503,1505,1849,2205,0,0,14,21,10,16,7,6,1,20,20,13,1,0,9,8,20,10,12,11,3,10,7,2,0.18,0.18,0.22,0.42,83028.84,0.62
kentish_town,"Kentish Town, London",51.549095,-0.144084,NW (North West London),24.0,34.0,17.0,27.0,20.0,30.0,883,974,1172,1279,1401,1544,2,0,12,17,2,9,9,3,0,13,14,8,2,1,1,8,20,12,7,6,2,0,4,2,0.22,0.2,0.19,0.38,42201.63,0.49
kenton,"Kenton, London",51.584304,-0.302274,"HA (Harrow, Outer London)",45.0,55.0,39.0,49.0,40.0,50.0,679,753,905,853,1053,1118,1,0,3,4,0,4,0,0,0,9,0,0,0,1,0,1,9,1,3,0,0,0,0,2,0.21,0.16,0.13,0.49,63575.0,0.47
kilburn,"Kilburn, London",51.539813,-0.198529,NW (North West London),30.0,40.0,17.0,27.0,24.0,34.0,853,1000,1131,1240,1405,1522,1,0,9,16,1,10,5,0,0,17,14,11,0,0,1,3,17,11,10,5,3,3,3,2,0.2,0.2,0.23,0.37,45532.38,0.52
kings_cross,"King's Cross, London",51.534749,-0.124585,N (North London),18.0,28.0,15.0,25.0,19.0,29.0,1000,1105,1327,1335,1522,1870,1,0,17,20,7,18,11,8,2,20,20,14,3,1,13,6,20,19,14,11,7,7,15,2,0.23,0.28,0.17,0.33,38063.36,0.5
kingsbury,"Kingsbury, London",51.58535,-0.278255,NW (North West London),33.0,43.0,26.0,36.0,27.0,37.0,826,979,1088,1105,1253,1357,2,5,2,5,0,6,1,0,0,16,1,1,0,3,0,1,16,0,3,1,0,0,0,2,0.24,0.17,0.16,0.43,38808.73,0.44
kingston_upon_thames,"Kingston upon Thames, London",51.41233,-0.300689,"KT (Kingston, Outer London)",48.0,58.0,39.0,49.0,30.0,40.0,853,900,933,1053,1153,1253,1,1,8,12,1,7,4,2,0,9,11,9,0,0,1,7,21,4,2,4,4,3,1,2,0.24,0.21,0.19,0.36,48972.15,0.57
kingston_vale,"Kingston Vale, London",51.432645,-0.257258,SW (South West London),53.0,63.0,45.0,55.0,34.0,44.0,982,1053,1295,653,1205,1357,0,2,0,0,0,0,0,0,0,0,0,0,0,0,2,0,0,0,0,0,0,0,0,2,0.0,0.0,0.0,0.0,0.0,0.0
knightsbridge,"Knightsbridge, London",51.49912,-0.164439,SW (South West London),21.0,31.0,11.0,21.0,18.0,28.0,1305,1522,1740,1827,2153,2936,0,0,11,22,15,20,9,11,0,20,20,15,0,0,9,13,21,11,6,9,6,9,6,2,0.18,0.17,0.18,0.46,101970.32,0.61
ladywell,"Ladywell, London",51.455897,-0.021952,SE (South East London),18.0,28.0,31.0,41.0,20.0,30.0,945,1094,1157,1153,1253,1305,1,1,4,13,1,13,3,0,0,11,4,3,2,2,1,1,19,8,6,0,3,0,1,2,0.22,0.2,0.2,0.39,45924.44,0.5
lambeth,"Lambeth, London",51.493508,-0.117842,SE (South East London),18.0,28.0,14.0,24.0,8.0,18.0,853,966,1148,1201,1392,1657,0,0,11,20,10,12,7,3,2,12,15,5,0,1,11,10,20,16,20,8,13,6,8,2,0.19,0.23,0.19,0.39,47736.54,0.52
lea_bridge,"Lea Bridge, London",51.570688,-0.024361,E (East London),28.0,38.0,32.0,42.0,34.0,44.0,805,931,1095,1153,1283,1405,1,4,4,7,1,9,1,0,0,5,4,1,2,1,2,2,13,3,7,2,0,0,1,2,0.29,0.19,0.18,0.34,30758.32,0.46
leamouth,"Leamouth, London",51.512039,0.001899,E (East London),22.0,32.0,27.0,37.0,22.0,32.0,935,1229,1703,1357,1522,1957,0,0,3,23,4,7,5,2,0,9,8,7,0,1,2,2,12,2,7,2,1,1,5,2,0.24,0.28,0.24,0.25,49828.68,0.52
lee,"Lee, London",51.449333,0.020484,SE (South East London),29.0,39.0,42.0,52.0,30.0,40.0,774,905,929,753,1000,1079,1,0,3,6,0,5,2,0,0,3,5,1,0,1,2,0,9,4,3,0,3,0,1,2,0.24,0.13,0.18,0.45,50609.76,0.5
lewisham,"Lewisham, London",51.441458,-0.011701,SE (South East London),31.0,41.0,41.0,51.0,31.0,41.0,853,953,1105,1031,1205,1357,2,0,3,7,0,12,4,0,0,7,3,1,2,2,0,1,8,4,4,2,2,0,0,2,0.27,0.14,0.18,0.41,42052.88,0.48
leyton,"Leyton, London",51.570223,-0.014694,E (East London),32.0,42.0,33.0,43.0,36.0,46.0,761,853,905,1005,1105,1205,1,6,5,9,1,10,2,0,0,8,6,1,2,1,2,0,17,4,9,4,0,0,2,2,0.27,0.21,0.19,0.33,32628.34,0.47
leytonstone,"Leytonstone, London",51.564962,0.008814,E (East London),23.0,33.0,26.0,36.0,28.0,38.0,753,805,905,1005,1105,1201,0,5,5,7,0,9,1,1,0,5,8,2,0,0,0,4,16,3,7,3,0,0,2,2,0.23,0.22,0.22,0.34,39276.5,0.49
limehouse,"Limehouse, London",51.51106,-0.036665,E (East London),14.0,24.0,23.0,33.0,24.0,34.0,913,1142,1468,1283,1435,1675,0,1,5,19,3,14,6,1,0,12,7,7,1,0,4,3,20,8,11,3,2,1,6,2,0.28,0.23,0.22,0.28,43642.74,0.49
lisson_grove,"Lisson Grove, London",51.524779,-0.168315,NW (North West London),23.0,33.0,11.0,21.0,19.0,29.0,1051,1205,1407,1522,1740,1957,1,0,10,20,8,15,8,5,0,14,19,11,0,0,6,4,20,7,14,7,4,5,8,2,0.21,0.2,0.2,0.39,60282.39,0.52
little_ilford,"Little Ilford, London",51.547532,0.057768,E (East London),35.0,45.0,39.0,49.0,35.0,45.0,790,824,905,953,1079,1153,0,1,2,9,0,12,3,0,0,19,0,0,2,0,1,6,12,4,7,0,3,0,3,2,0.3,0.21,0.18,0.3,30209.82,0.48
little_venice,"Little Venice, London",51.523484,-0.183885,W (West London),21.0,31.0,12.0,22.0,18.0,28.0,937,1066,1253,1405,1566,1740,1,0,14,19,3,14,7,1,0,15,17,9,0,0,1,3,21,12,14,9,4,5,6,2,0.22,0.18,0.23,0.37,61272.98,0.53
lower_clapton,"Lower Clapton, London",51.558469,-0.055916,E (East London),23.0,33.0,30.0,40.0,35.0,45.0,805,909,1059,1105,1283,1405,0,1,13,20,2,9,5,0,0,6,5,4,1,1,1,10,20,5,5,4,3,0,0,2,0.27,0.19,0.21,0.32,34433.37,0.49
maida_vale,"Maida Vale, London",51.529909,-0.186031,W (West London),22.0,32.0,14.0,24.0,19.0,29.0,905,1003,1183,1357,1522,1718,2,0,12,15,1,12,3,0,0,15,10,6,0,0,0,5,20,11,12,7,3,3,6,2,0.22,0.16,0.22,0.4,58307.89,0.53
manor_park,"Manor Park, London",51.550487,0.051412,E (East London),30.0,40.0,32.0,42.0,34.0,44.0,790,824,905,953,1079,1153,0,0,3,6,0,12,2,0,0,18,0,0,2,0,1,4,11,4,7,0,1,0,2,2,0.3,0.22,0.17,0.3,30768.63,0.48
marylebone,"Marylebone, London",51.518875,-0.149896,W (West London),19.0,29.0,4.0,14.0,16.0,26.0,1205,1392,1620,1637,1957,2474,1,0,14,21,19,20,21,17,1,20,20,20,1,0,15,20,21,14,15,19,19,4,15,2,0.13,0.24,0.23,0.39,82855.86,0.59
mayfair,"Mayfair, London",51.511627,-0.147806,W (West London),16.0,26.0,5.0,15.0,13.0,23.0,2175,2262,2306,2262,2936,3371,0,0,17,20,21,20,20,20,1,20,20,20,1,0,16,20,21,16,17,19,20,7,17,2,0.12,0.24,0.23,0.41,86040.15,0.58
maze_hill,"Maze Hill, London",51.478668,0.006219,SE (South East London),26.0,36.0,40.0,50.0,27.0,37.0,852,1033,1153,1253,1357,1457,1,3,13,14,3,11,3,0,0,11,2,4,1,0,6,1,20,5,4,6,3,1,3,2,0.21,0.16,0.22,0.41,63451.73,0.55
mile_end,"Mile End, London",51.523545,-0.033012,E (East London),15.0,25.0,18.0,28.0,20.0,30.0,761,905,1022,679,1218,1405,0,1,5,13,0,8,3,0,0,9,6,2,1,0,3,3,20,8,8,3,1,0,4,2,0.31,0.25,0.19,0.24,36875.99,0.49
mill_hill,"Mill Hill, London",51.613382,-0.246357,NW (North West London),43.0,53.0,35.0,45.0,35.0,45.0,746,840,953,1083,1153,1305,0,0,4,6,0,5,0,0,0,0,3,1,0,0,3,0,5,2,2,2,1,0,0,2,0.29,0.12,0.15,0.43,45285.8,0.51
millbank,"Millbank, London",51.491761,-0.129847,SW (South West London),19.0,29.0,11.0,21.0,7.0,17.0,1153,1381,1703,1605,1838,2262,0,0,10,19,12,11,8,3,1,13,16,7,0,0,10,12,21,15,14,5,9,6,6,2,0.16,0.2,0.21,0.43,65148.3,0.53
millwall,"Millwall, London",51.498909,-0.024552,E (East London),20.0,30.0,28.0,38.0,22.0,32.0,1253,1414,1696,1405,1631,1957,0,2,3,24,3,18,4,1,0,12,8,9,2,0,4,3,16,2,10,2,2,2,10,2,0.19,0.3,0.29,0.23,70778.22,0.58
mitcham,"Mitcham, London",51.402869,-0.166709,"CR (Croydon, Outer London)",41.0,51.0,41.0,51.0,36.0,46.0,613,713,805,705,905,1005,1,1,3,2,0,6,1,0,0,3,2,1,5,1,2,0,9,3,3,2,1,0,1,2,0.28,0.14,0.17,0.41,32445.04,0.46
monken_hadley,"Monken Hadley, London",51.65856,-0.2017,"EN (Enfield, Outer London)",43.0,53.0,37.0,47.0,39.0,49.0,853,1053,1305,1053,1305,1605,0,1,2,4,0,5,1,0,0,4,5,2,0,0,1,0,11,2,2,1,2,1,1,2,0.24,0.11,0.12,0.53,57048.0,0.52
morden,"Morden, London",51.394943,-0.19446,"SM (Sutton, Outer London)",35.0,45.0,35.0,45.0,30.0,40.0,705,805,900,698,1005,1153,0,1,4,4,0,8,0,0,0,9,2,1,2,0,1,1,5,4,0,0,0,0,0,2,0.26,0.14,0.17,0.43,34716.8,0.45
mortlake,"Mortlake, London",51.468736,-0.262742,SW (South West London),42.0,52.0,35.0,45.0,29.0,39.0,989,1029,1098,1153,1205,1357,0,0,6,5,0,4,1,3,0,4,4,1,0,0,1,0,11,4,6,4,1,1,2,2,0.24,0.1,0.21,0.45,61023.1,0.61
mottingham,"Mottingham, London",51.436857,0.043153,SE (South East London),28.0,38.0,44.0,54.0,32.0,42.0,705,1005,1305,600,1005,1105,0,0,2,6,0,5,1,0,0,3,0,0,1,0,1,0,9,3,3,1,3,0,0,2,0.26,0.13,0.14,0.47,36528.56,0.44
muswell_hill,"Muswell Hill, London",51.591182,-0.144302,N (North London),33.0,43.0,28.0,38.0,30.0,40.0,843,909,1005,1131,1253,1305,0,0,7,12,3,4,5,2,0,10,12,3,0,0,0,0,19,5,3,6,8,3,2,2,0.24,0.13,0.19,0.44,68216.04,0.59
neasden,"Neasden, London",51.561401,-0.254018,NW (North West London),37.0,47.0,30.0,40.0,30.0,40.0,792,900,1000,1103,1205,1353,0,2,3,14,0,6,0,1,0,2,3,1,2,0,0,1,10,1,3,1,1,0,0,2,0.29,0.17,0.17,0.37,29988.1,0.46
new_addington,"New Addington, London",51.348184,-0.017094,"CR (Croydon, Outer London)",52.0,62.0,55.0,65.0,48.0,58.0,759,816,869,561,805,1090,0,0,2,2,0,3,0,0,0,2,0,0,1,0,0,0,4,0,0,0,0,0,0,2,0.35,0.13,0.12,0.39,26229.88,0.46
new_cross,"New Cross, London",51.476905,-0.03369,SE (South East London),13.0,23.0,22.0,32.0,15.0,25.0,853,905,1003,1027,1153,1253,1,3,10,19,1,13,5,0,0,4,4,6,3,0,1,5,20,10,8,3,5,1,2,2,0.24,0.24,0.2,0.32,33678.37,0.5
new_eltham,"New Eltham, London",51.432252,0.065831,SE (South East London),32.0,42.0,48.0,58.0,33.0,43.0,880,953,1041,653,1005,1153,0,0,3,4,0,4,0,0,0,9,1,0,0,0,0,1,7,1,0,2,2,0,1,2,0.23,0.13,0.13,0.51,55424.0,0.47
new_malden,"New Malden, London",51.400663,-0.259263,"KT (Kingston, Outer London)",46.0,56.0,37.0,47.0,29.0,39.0,759,905,965,979,1105,1253,1,0,6,3,0,7,0,0,0,4,1,3,1,0,0,0,6,0,5,0,2,1,0,2,0.25,0.12,0.16,0.47,50007.2,0.52
new_southgate,"New Southgate, London",51.611001,-0.135469,N (North London),30.0,40.0,28.0,38.0,33.0,43.0,816,870,1005,804,1105,1205,0,0,5,6,1,9,2,0,0,8,4,0,0,1,1,1,11,1,5,1,5,0,1,2,0.24,0.17,0.18,0.41,39889.26,0.48
newington,"Newington, London",51.500194,-0.103378,SE (South East London),16.0,26.0,19.0,29.0,6.0,16.0,1088,1253,1366,1305,1566,1783,0,0,10,19,13,13,8,5,5,20,20,13,1,2,16,9,21,20,20,9,15,3,24,2,0.17,0.31,0.2,0.32,48796.89,0.56
nine_elms,"Nine Elms, London",51.480197,-0.139682,SW (South West London),29.0,39.0,19.0,29.0,16.0,26.0,1305,1688,1849,1718,1957,2327,0,0,10,13,3,12,4,3,0,11,14,4,1,0,3,9,21,16,11,7,4,6,5,2,0.2,0.23,0.21,0.36,44029.74,0.51
norbiton,"Norbiton, London",51.412572,-0.283885,"KT (Kingston, Outer London)",45.0,55.0,36.0,46.0,29.0,39.0,853,927,1048,805,1053,1153,2,1,9,14,1,9,3,0,0,6,7,8,0,0,1,7,22,5,2,3,5,3,1,2,0.24,0.21,0.18,0.37,42391.85,0.53
norbury,"Norbury, London",51.408588,-0.12139,SW (South West London),35.0,45.0,38.0,48.0,31.0,41.0,779,887,950,705,1053,1131,0,0,0,5,0,9,1,0,0,4,2,0,4,0,0,2,6,2,5,0,2,0,1,2,0.27,0.16,0.15,0.43,36033.2,0.47
north_finchley,"North Finchley, London",51.613509,-0.17542,N (North London),38.0,48.0,36.0,46.0,38.0,48.0,805,953,1085,1105,1205,1305,1,0,2,9,0,8,2,0,0,9,10,5,0,0,0,1,10,3,6,3,3,2,2,2,0.21,0.15,0.2,0.43,41016.0,0.5
north_harrow,"North Harrow, London",51.584128,-0.364434,"HA (Harrow, Outer London)",39.0,49.0,33.0,43.0,34.0,44.0,805,890,953,1005,1131,1253,0,0,5,6,0,9,2,1,0,14,3,0,2,1,3,0,8,2,6,2,0,0,2,2,0.24,0.14,0.15,0.48,48619.25,0.48
north_kensington,"North Kensington, London",51.52467,-0.213888,W (West London),29.0,39.0,20.0,30.0,28.0,38.0,979,1066,1245,1305,1505,1740,0,0,18,11,1,6,5,0,0,11,14,3,0,0,2,6,16,7,7,6,1,1,2,2,0.24,0.16,0.19,0.41,41658.98,0.48
north_sheen,"North Sheen, London",51.464444,-0.273372,SW (South West London),45.0,55.0,38.0,48.0,31.0,41.0,953,992,1048,1250,1305,1404,0,0,8,3,0,6,0,1,0,6,6,2,0,0,1,0,13,6,5,4,1,1,2,2,0.24,0.1,0.21,0.45,58494.8,0.59
north_woolwich,"North Woolwich, London",51.500866,0.062692,E (East London),27.0,37.0,33.0,43.0,28.0,38.0,913,1138,1218,1205,1379,1505,0,4,2,8,1,7,0,0,0,2,2,0,2,0,5,1,15,2,3,0,2,0,0,2,0.0,0.0,0.0,0.0,0.0,0.0
northolt,"Northolt, London",51.546615,-0.373103,"UB (Uxbridge, Outer London)",38.0,48.0,31.0,41.0,37.0,47.0,753,800,853,890,1005,1105,0,3,6,4,0,6,0,0,0,4,0,0,2,0,1,0,5,3,5,1,1,0,1,2,0.29,0.14,0.18,0.39,32810.36,0.46
northwood,"Northwood, London",51.610289,-0.428278,"HA (Harrow, Outer London)",47.0,57.0,41.0,51.0,41.0,51.0,687,805,879,1005,1053,1122,0,0,2,6,0,9,0,0,0,7,4,0,0,0,1,0,3,0,2,1,0,1,0,2,0.21,0.12,0.16,0.5,51311.0,0.47
notting_hill,"Notting Hill, London",51.516013,-0.209015,W (West London),27.0,37.0,19.0,29.0,25.0,35.0,983,1153,1370,1522,1827,2175,0,0,16,20,3,18,7,0,1,11,18,10,1,0,5,9,22,14,11,10,5,6,5,2,0.22,0.15,0.19,0.44,50678.1,0.52
nunhead,"Nunhead, London",51.465734,-0.054919,SE (South East London),25.0,35.0,33.0,43.0,28.0,38.0,905,927,1005,1105,1205,1357,1,1,6,19,0,10,5,1,0,9,7,2,3,1,1,8,20,8,4,5,2,0,0,2,0.24,0.19,0.2,0.37,38107.46,0.5
old_ford,"Old Ford, London",51.535812,-0.021259,E (East London),27.0,37.0,32.0,42.0,33.0,43.0,693,805,1004,1153,1279,1367,0,0,6,18,1,5,3,0,1,3,8,2,1,0,1,4,22,4,5,4,2,1,2,2,0.22,0.29,0.22,0.27,43309.49,0.5
old_oak_common,"Old Oak Common, London",51.52047,-0.250717,W (West London),30.0,40.0,23.0,33.0,29.0,39.0,870,1000,1131,998,1253,1366,0,3,13,4,1,3,0,0,0,4,0,3,1,0,1,3,9,5,6,4,1,0,1,2,0.24,0.21,0.19,0.35,37855.0,0.52
orpington,"Orpington, London",51.374843,0.094214,"BR (Bromley, Outer London)",32.0,42.0,43.0,53.0,33.0,43.0,639,774,879,826,1000,1105,0,0,8,10,1,9,1,0,0,3,6,1,0,0,1,0,7,1,1,1,2,1,1,2,0.23,0.12,0.12,0.54,53021.0,0.51
osterley,"Osterley, London",51.481972,-0.349455,"TW (Twickenham, Outer London)",49.0,59.0,43.0,53.0,45.0,55.0,800,826,900,905,1105,1153,0,2,3,4,0,7,3,0,0,11,0,0,0,0,0,1,8,2,4,2,3,0,0,2,0.22,0.18,0.21,0.39,52762.48,0.5
paddington,"Paddington, London",51.515973,-0.174943,W (West London),17.0,27.0,9.0,19.0,14.0,24.0,957,1131,1305,1405,1703,2175,1,0,7,20,8,20,10,7,0,20,18,13,0,0,6,4,21,9,12,9,4,7,9,2,0.19,0.22,0.23,0.36,59858.1,0.54
palmers_green,"Palmers Green, London",51.621487,-0.107566,N (North London),41.0,51.0,34.0,44.0,41.0,51.0,753,853,905,953,1105,1205,0,0,9,11,1,9,3,0,0,7,10,1,0,1,0,0,14,2,3,0,5,2,1,2,0.2,0.19,0.2,0.42,47753.96,0.5
park_royal,"Park Royal, London",51.527859,-0.261824,NW (North West London),33.0,43.0,26.0,36.0,32.0,42.0,801,866,953,1253,1353,1488,0,2,11,3,0,6,0,0,0,2,1,0,0,0,1,4,8,2,3,1,1,0,1,2,0.22,0.24,0.2,0.34,34105.0,0.49
parsons_green,"Parsons Green, London",51.473128,-0.199893,SW (South West London),29.0,39.0,25.0,35.0,27.0,37.0,979,1101,1235,1389,1522,1718,0,0,12,22,5,8,4,5,0,11,18,6,0,0,2,3,21,14,15,11,6,6,8,2,0.21,0.21,0.22,0.36,68440.34,0.62
peckham,"Peckham, London",51.470324,-0.067387,SE (South East London),17.0,27.0,25.0,35.0,20.0,30.0,792,927,1141,1153,1253,1357,1,4,9,22,0,12,3,1,0,6,7,3,4,2,2,5,19,6,5,5,0,0,2,2,0.25,0.19,0.19,0.37,37106.96,0.5
penge,"Penge, London",51.413885,-0.057011,SE (South East London),33.0,43.0,35.0,45.0,34.0,44.0,803,879,927,905,1005,1105,1,0,4,14,0,13,4,2,0,10,7,5,1,0,2,5,17,6,7,3,5,0,1,2,0.26,0.14,0.18,0.42,35945.06,0.48
pentonville,"Pentonville, London",51.530994,-0.110682,N (North London),16.0,26.0,15.0,25.0,21.0,31.0,885,1044,1240,1392,1557,1762,0,0,14,21,9,19,10,11,4,19,20,16,1,0,18,14,20,20,20,11,9,8,25,2,0.19,0.29,0.19,0.33,53798.93,0.54
perivale,"Perivale, London",51.532222,-0.324477,"UB (Uxbridge, Outer London)",36.0,46.0,29.0,39.0,35.0,45.0,696,787,991,1053,1105,1205,0,0,1,3,0,5,1,0,0,1,0,0,2,0,1,2,4,1,3,2,0,0,0,2,0.24,0.15,0.2,0.41,41253.0,0.47
pimlico,"Pimlico, London",51.490744,-0.140362,SW (South West London),21.0,31.0,13.0,23.0,16.0,26.0,1153,1305,1605,1631,1905,2284,0,0,7,20,11,13,6,5,1,15,21,12,0,0,8,12,20,16,8,6,5,9,3,2,0.17,0.19,0.2,0.43,62669.5,0.52
pinner,"Pinner, London",51.595172,-0.378002,"HA (Harrow, Outer London)",45.0,55.0,38.0,48.0,39.0,49.0,703,774,805,1002,1053,1105,0,0,5,7,0,7,0,1,0,7,3,0,1,1,3,0,6,2,4,1,0,0,1,2,0.23,0.09,0.14,0.54,64973.0,0.52
plaistow,"Plaistow, London",51.526832,0.030814,E (East London),28.0,38.0,32.0,42.0,26.0,36.0,685,805,898,953,1105,1203,0,0,5,1,0,9,2,1,0,5,0,1,1,1,0,2,12,1,6,0,1,0,0,2,0.29,0.2,0.18,0.33,31854.9,0.48
plumstead,"Plumstead, London",51.487385,0.086501,SE (South East London),34.0,44.0,37.0,47.0,34.0,44.0,539,666,810,607,753,953,0,0,2,5,0,11,1,0,0,8,1,1,1,0,4,1,15,2,4,0,4,0,0,2,0.27,0.19,0.19,0.34,32868.43,0.5
poplar,"Poplar, London",51.512379,-0.008798,E (East London),20.0,30.0,29.0,39.0,24.0,34.0,718,1044,1296,1240,1405,1675,0,1,4,24,4,12,4,1,0,10,8,7,1,1,3,4,16,2,11,2,1,1,9,2,0.27,0.25,0.23,0.25,50568.87,0.51
primrose_hill,"Primrose Hill, London",51.541257,-0.153317,NW (North West London),23.0,33.0,15.0,25.0,20.0,30.0,1044,1196,1305,1457,1675,2153,1,0,15,20,2,8,7,3,0,9,12,7,2,1,3,4,21,8,6,6,2,1,3,2,0.21,0.18,0.21,0.4,53113.28,0.54
purley,"Purley, London",51.339228,-0.119711,"CR (Croydon, Outer London)",34.0,44.0,41.0,51.0,33.0,43.0,705,779,865,810,953,1024,0,0,2,4,0,7,0,0,0,2,2,1,0,0,1,2,6,1,2,1,1,0,2,2,0.23,0.13,0.15,0.49,57967.0,0.5
putney,"Putney, London",51.459643,-0.214126,SW (South West London),32.0,42.0,26.0,36.0,20.0,30.0,953,1053,1181,1305,1405,1631,0,0,6,13,2,7,4,1,0,10,16,8,0,0,1,2,21,12,7,7,5,4,6,2,0.15,0.23,0.27,0.35,74286.69,0.61
queensbury,"Queensbury, London",51.594213,-0.285368,"HA (Harrow, Outer London)",28.0,38.0,20.0,30.0,22.0,32.0,705,805,892,817,1053,1105,2,5,2,13,0,5,1,0,0,22,2,2,1,2,0,1,11,0,4,0,1,0,0,2,0.25,0.17,0.16,0.42,36437.12,0.45
raynes_park,"Raynes Park, London",51.408426,-0.229875,SW (South West London),36.0,46.0,29.0,39.0,22.0,32.0,726,853,953,1005,1179,1304,0,0,5,7,1,6,0,0,0,8,1,3,1,0,1,1,9,2,5,0,0,2,1,2,0.22,0.12,0.21,0.45,63642.24,0.56
redbridge,"Redbridge, London",51.588612,0.082398,"IG (Ilford, Outer London)",36.0,46.0,39.0,49.0,41.0,51.0,753,853,953,953,1105,1153,1,0,4,4,0,6,0,0,0,9,0,1,1,0,0,3,7,4,3,1,1,0,1,2,0.27,0.13,0.15,0.45,37837.0,0.46
richmond,"Richmond, London",51.461311,-0.303742,"TW (Twickenham, Outer London)",37.0,47.0,30.0,40.0,22.0,32.0,900,1005,1153,1153,1301,1457,0,1,3,12,4,8,3,2,0,8,15,5,1,0,3,1,20,3,3,8,7,1,0,2,0.18,0.14,0.23,0.46,74317.0,0.62
roehampton,"Roehampton, London",51.448434,-0.239759,SW (South West London),45.0,55.0,36.0,46.0,26.0,36.0,492,1003,1065,1053,1253,1305,0,2,1,1,0,2,0,0,0,0,2,1,0,0,1,0,5,2,1,0,1,1,0,2,0.23,0.22,0.18,0.37,39575.42,0.49
rotherhithe,"Rotherhithe, London",51.49629,-0.041193,SE (South East London),19.0,29.0,21.0,31.0,17.0,27.0,979,1077,1305,1205,1379,1557,0,1,6,15,2,15,4,1,0,5,8,5,1,0,3,4,15,5,9,0,1,1,9,2,0.2,0.27,0.23,0.3,49821.54,0.55
ruislip,"Ruislip, London",51.575872,-0.421236,"HA (Harrow, Outer London)",48.0,58.0,41.0,51.0,42.0,52.0,753,874,905,979,1053,1131,1,0,6,10,2,9,0,0,0,7,7,0,0,0,3,0,18,2,4,2,1,2,0,2,0.2,0.12,0.12,0.55,63912.0,0.5
sanderstead,"Sanderstead, London",51.334213,-0.075449,"CR (Croydon, Outer London)",39.0,49.0,44.0,54.0,39.0,49.0,693,737,798,884,916,972,1,0,2,2,0,6,0,0,0,5,1,0,0,0,1,0,3,1,0,0,0,1,0,2,0.22,0.09,0.1,0.59,70430.0,0.52
sands_end,"Sands End, London",51.473157,-0.182255,SW (South West London),33.0,43.0,26.0,36.0,19.0,29.0,1121,1414,1686,1405,1631,1957,0,2,11,20,6,8,5,8,0,14,20,4,1,0,1,6,22,13,11,13,2,3,7,2,0.21,0.2,0.21,0.38,54961.66,0.56
selhurst,"Selhurst, London",51.39878,-0.085496,SE (South East London),30.0,40.0,39.0,49.0,30.0,40.0,626,766,841,663,927,1005,1,0,7,7,0,12,2,0,0,4,0,1,1,0,1,1,12,2,5,1,1,0,0,2,0.28,0.13,0.15,0.43,34975.2,0.48
selsdon,"Selsdon, London",51.343723,-0.061975,"CR (Croydon, Outer London)",35.0,45.0,44.0,54.0,36.0,46.0,614,729,843,853,953,1005,1,0,1,2,0,3,0,0,0,4,0,0,0,0,0,0,3,1,0,0,0,1,0,2,0.22,0.11,0.09,0.57,59831.0,0.49
seven_sisters,"Seven Sisters, London",51.582652,-0.074723,N (North London),24.0,34.0,17.0,27.0,25.0,35.0,826,922,1005,1201,1405,1605,1,3,8,13,0,10,0,0,0,2,5,3,1,1,3,2,15,8,5,0,1,0,1,2,0.3,0.18,0.19,0.33,31023.94,0.5
shacklewell,"Shacklewell, London",51.552664,-0.077272,N (North London),23.0,33.0,26.0,36.0,30.0,40.0,872,953,1161,965,1305,1457,0,0,13,20,1,11,3,0,0,11,9,6,0,1,2,11,20,8,12,10,6,1,1,2,0.21,0.21,0.24,0.33,50077.65,0.52
shadwell,"Shadwell, London",51.516305,-0.063093,E (East London),9.0,19.0,22.0,32.0,22.0,32.0,953,1227,1607,1201,1431,1805,0,2,9,20,12,20,11,5,3,20,20,20,0,0,11,20,20,20,20,14,5,3,29,2,0.21,0.32,0.22,0.25,47278.93,0.5
shepherds_bush,"Shepherd's Bush, London",51.505191,-0.22469,W (West London),26.0,36.0,16.0,26.0,24.0,34.0,853,1000,1105,1201,1357,1666,0,0,16,18,4,17,8,1,1,17,20,13,1,0,5,7,21,12,15,16,6,4,6,2,0.21,0.21,0.22,0.36,47521.86,0.54
shirley,"Shirley, London",51.375193,-0.048899,"CR (Croydon, Outer London)",34.0,44.0,44.0,54.0,31.0,41.0,792,879,953,953,990,1053,0,0,1,3,0,6,1,0,0,3,2,0,0,0,1,0,7,4,3,0,1,0,0,2,0.22,0.12,0.12,0.55,50494.0,0.46
shooters_hill,"Shooter's Hill, London",51.46967,0.062255,SE (South East London),38.0,48.0,41.0,51.0,37.0,47.0,805,805,805,905,1000,1024,0,0,2,1,0,4,1,0,0,5,0,0,0,0,2,0,8,0,1,0,1,0,0,2,0.25,0.11,0.15,0.5,54210.24,0.49
shoreditch,"Shoreditch, London",51.522911,-0.077747,EC (East Central London),6.0,16.0,18.0,28.0,16.0,26.0,1088,1305,1605,1435,1740,2066,0,2,13,21,13,20,13,6,4,20,20,20,0,0,12,20,20,20,20,12,3,5,41,2,0.19,0.33,0.23,0.25,44732.32,0.52
silvertown,"Silvertown, London",51.502518,0.040321,E (East London),28.0,38.0,34.0,44.0,29.0,39.0,913,1148,1218,1240,1379,1505,1,7,2,8,0,5,0,1,0,2,1,0,2,0,0,0,6,4,1,2,0,0,1,2,0.25,0.26,0.25,0.25,48881.0,0.54
soho,"Soho, London",51.513614,-0.136549,W (West London),15.0,25.0,2.0,12.0,16.0,26.0,1305,1414,1522,1631,1957,2410,0,0,20,20,20,20,20,20,3,20,20,20,1,0,20,20,21,20,19,20,20,6,24,2,0.14,0.31,0.2,0.35,67805.45,0.57
south_croydon,"South Croydon, London",51.357428,-0.098251,"CR (Croydon, Outer London)",33.0,43.0,38.0,48.0,33.0,43.0,703,779,853,905,979,1053,0,0,4,17,0,13,3,1,0,10,4,2,1,1,2,4,18,0,4,1,3,1,4,2,0.26,0.15,0.19,0.41,43098.8,0.49
south_hackney,"South Hackney, London",51.535042,-0.045875,E (East London),23.0,33.0,26.0,36.0,28.0,38.0,799,924,1229,1305,1420,1522,0,2,15,19,2,10,5,0,0,8,10,4,1,0,4,7,22,9,8,6,4,0,1,2,0.23,0.24,0.21,0.31,44948.6,0.51
south_harrow,"South Harrow, London",51.568372,-0.355348,"HA (Harrow, Outer London)",51.0,61.0,44.0,54.0,45.0,55.0,800,879,916,927,1053,1153,0,2,7,9,0,5,2,0,0,11,2,0,1,1,2,0,12,1,6,0,1,1,1,2,0.28,0.15,0.17,0.4,34037.74,0.47
south_kensington,"South Kensington, London",51.495329,-0.178991,SW (South West London),22.0,32.0,17.0,27.0,20.0,30.0,1196,1392,1632,1849,2153,2827,0,0,13,22,9,18,9,10,0,16,20,13,0,0,10,8,20,10,9,12,3,8,4,2,0.16,0.19,0.22,0.43,86512.74,0.63
south_norwood,"South Norwood, London",51.398134,-0.0716,SE (South East London),22.0,32.0,35.0,45.0,24.0,34.0,526,753,833,805,953,1005,2,0,7,9,0,8,1,0,0,6,0,1,0,0,0,2,12,4,7,2,1,0,0,2,0.27,0.15,0.17,0.41,32257.14,0.47
south_ruislip,"South Ruislip, London",51.555079,-0.399575,"HA (Harrow, Outer London)",36.0,46.0,29.0,39.0,35.0,45.0,796,805,874,846,1055,1159,1,4,3,2,0,5,1,0,0,6,0,0,1,0,0,0,2,2,1,0,0,0,0,2,0.25,0.13,0.17,0.44,41780.0,0.46
south_wimbledon,"South Wimbledon, London",51.415709,-0.192514,SW (South West London),24.0,34.0,24.0,34.0,20.0,30.0,953,1005,1053,1147,1231,1305,1,1,7,16,1,11,2,0,0,8,7,8,3,1,3,2,18,10,6,7,4,2,3,2,0.2,0.19,0.26,0.34,65822.67,0.6
south_woodford,"South Woodford, London",51.591267,0.026472,E (East London),24.0,34.0,26.0,36.0,29.0,39.0,863,900,905,1053,1105,1205,0,0,3,9,0,6,1,2,0,4,7,3,0,0,0,0,7,2,3,2,0,1,0,2,0.24,0.14,0.19,0.42,54662.97,0.53
southall,"Southall, London",51.511073,-0.377232,"UB (Uxbridge, Outer London)",40.0,50.0,31.0,41.0,36.0,46.0,726,905,1031,1004,1068,1218,0,0,6,8,2,2,1,0,0,14,0,0,1,0,1,0,5,1,3,0,1,0,1,2,0.26,0.18,0.17,0.4,29975.72,0.44
southfields,"Southfields, London",51.44522,-0.203732,SW (South West London),32.0,42.0,29.0,39.0,26.0,36.0,953,1042,1105,1205,1305,1431,0,0,9,4,0,6,3,1,0,6,2,1,0,0,2,1,18,8,5,7,6,2,5,2,0.22,0.17,0.24,0.37,68552.18,0.6
southgate,"Southgate, London",51.624761,-0.124046,N (North London),36.0,46.0,30.0,40.0,37.0,47.0,653,853,979,1053,1153,1205,0,2,7,8,1,8,2,0,0,7,7,1,0,1,0,0,13,3,2,0,4,0,1,2,0.22,0.13,0.12,0.52,69078.0,0.51
spitalfields,"Spitalfields, London",51.518926,-0.074848,E (East London),8.0,18.0,18.0,28.0,17.0,27.0,1005,1205,1405,1305,1631,1805,0,2,12,20,16,20,12,7,4,20,20,21,0,0,14,20,20,20,20,14,8,4,40,2,0.18,0.36,0.23,0.23,46746.49,0.53
st_jamess,"St James's, London",51.506993,-0.13606,SW (South West London),12.0,22.0,5.0,15.0,11.0,21.0,1370,1381,1957,2175,3012,3480,0,0,20,21,20,20,21,20,3,20,20,20,1,0,20,20,21,18,16,20,20,7,21,2,0.13,0.24,0.22,0.42,76954.69,0.55
st_johns_wood,"St John's Wood, London",51.534358,-0.174207,NW (North West London),19.0,29.0,11.0,21.0,14.0,24.0,1088,1196,1283,1479,1653,1957,2,0,8,10,4,9,5,1,0,5,10,7,0,1,3,2,20,8,11,10,4,3,5,2,0.21,0.15,0.2,0.43,67221.79,0.54
st_lukes,"St Luke's, London",51.524765,-0.092719,EC (East Central London),13.0,23.0,13.0,23.0,17.0,27.0,1231,1305,1507,1370,1609,1957,0,0,16,23,12,20,12,12,7,16,21,20,0,0,13,18,20,20,20,16,5,6,50,2,0.19,0.31,0.21,0.29,44719.62,0.54
st_margarets,"St Margarets, London",51.456114,-0.322242,"TW (Twickenham, Outer London)",46.0,56.0,39.0,49.0,32.0,42.0,853,979,1117,1153,1253,1405,0,1,4,16,4,8,3,2,0,19,16,8,1,0,6,5,21,4,6,7,7,2,3,2,0.25,0.11,0.2,0.44,56837.42,0.58
stamford_hill,"Stamford Hill, London",51.568227,-0.074244,N (North London),27.0,37.0,26.0,36.0,33.0,43.0,805,905,984,953,1205,1357,0,1,11,13,0,9,0,0,0,7,8,4,0,1,1,7,18,8,5,2,4,0,1,2,0.32,0.19,0.2,0.29,46674.16,0.6
stanmore,"Stanmore, London",51.616419,-0.319686,"HA (Harrow, Outer London)",45.0,55.0,38.0,48.0,39.0,49.0,721,842,905,1024,1105,1253,0,0,1,6,0,4,0,0,0,9,2,0,2,0,2,0,9,2,2,1,0,1,0,2,0.24,0.12,0.14,0.49,40032.0,0.48
stepney,"Stepney, London",51.522225,-0.049157,E (East London),16.0,26.0,21.0,31.0,23.0,33.0,953,1227,1607,1201,1414,1788,0,2,12,21,2,15,4,1,0,20,15,12,1,0,4,9,20,15,15,7,1,0,5,2,0.27,0.28,0.19,0.26,37924.91,0.48
stockwell,"Stockwell, London",51.476041,-0.126327,SW (South West London),20.0,30.0,18.0,28.0,14.0,24.0,936,1101,1305,1305,1505,1805,0,0,12,14,1,8,3,1,0,11,10,8,2,0,0,10,20,13,11,6,2,4,5,2,0.21,0.25,0.21,0.33,38405.08,0.52
stoke_newington,"Stoke Newington, London",51.561175,-0.083492,N (North London),24.0,34.0,25.0,35.0,29.0,39.0,873,968,1106,1105,1305,1457,0,1,11,20,1,11,1,0,1,11,10,6,1,1,0,11,20,10,6,8,6,0,4,2,0.22,0.2,0.24,0.34,51180.42,0.53
stratford,"Stratford, London",51.547181,-0.00813,E (East London),23.0,33.0,25.0,35.0,28.0,38.0,718,900,1259,1105,1305,1522,0,4,4,18,1,10,3,0,1,1,9,4,1,1,2,5,15,4,5,7,3,1,2,2,0.2,0.31,0.23,0.26,40315.76,0.5
streatham,"Streatham, London",51.430747,-0.129498,SW (South West London),34.0,44.0,32.0,42.0,29.0,39.0,753,879,953,1005,1196,1301,1,0,7,14,2,9,2,0,0,4,10,1,3,0,0,1,16,7,5,3,4,0,2,2,0.2,0.22,0.25,0.33,44892.4,0.51
sudbury,"Sudbury, London",51.555659,-0.317111,"HA (Harrow, Outer London)",38.0,48.0,30.0,40.0,36.0,46.0,717,855,905,779,1005,1205,0,0,3,9,0,4,0,0,0,12,0,0,0,0,0,5,7,0,4,0,1,0,2,2,0.24,0.17,0.18,0.4,37743.52,0.47
surbiton,"Surbiton, London",51.39401,-0.302662,"KT (Kingston, Outer London)",36.0,46.0,35.0,45.0,21.0,31.0,805,853,905,953,1079,1153,1,0,6,16,2,9,2,2,0,11,13,7,0,0,1,3,20,6,2,5,5,2,1,2,0.16,0.25,0.24,0.35,48753.29,0.54
sutton,"Sutton, London",51.361428,-0.193961,"SM (Sutton, Outer London)",45.0,55.0,45.0,55.0,35.0,45.0,726,805,853,909,1000,1078,0,3,6,16,2,10,1,1,0,12,7,3,0,1,0,2,21,3,5,6,3,2,2,2,0.2,0.15,0.22,0.43,38806.4,0.47
swiss_cottage,"Swiss Cottage, London",51.542587,-0.172474,NW (North West London),22.0,32.0,15.0,25.0,17.0,27.0,913,1066,1240,1351,1522,1696,1,0,10,14,1,10,7,2,0,11,15,7,0,1,1,1,20,6,9,9,4,3,1,2,0.19,0.17,0.24,0.4,73240.11,0.58
sydenham,"Sydenham, London",51.42476,-0.059399,SE (South East London),35.0,45.0,38.0,48.0,34.0,44.0,753,848,933,1005,1105,1205,2,0,3,13,0,17,2,1,0,8,8,5,1,0,3,3,22,9,6,5,3,0,1,2,0.23,0.15,0.21,0.4,39486.97,0.48
teddington,"Teddington, London",51.426799,-0.331342,"TW (Twickenham, Outer London)",54.0,64.0,47.0,57.0,40.0,50.0,859,903,972,1101,1201,1312,0,0,9,10,2,7,0,0,0,6,6,1,1,0,0,2,14,3,3,4,5,0,0,2,0.24,0.11,0.17,0.48,58047.58,0.59
temple,"Temple, London",51.511287,-0.113685,WC (West Central London),6.0,16.0,11.0,21.0,5.0,15.0,1196,1414,1957,1501,1653,2489,0,0,19,21,20,20,21,19,7,20,20,20,0,0,20,20,20,20,20,20,21,7,42,2,0.11,0.3,0.21,0.38,46474.0,0.53
thamesmead,"Thamesmead, London",51.505758,0.110059,SE (South East London),38.0,48.0,42.0,52.0,38.0,48.0,780,855,930,726,927,1000,1,0,2,1,0,2,0,0,0,1,0,0,1,2,0,0,2,1,1,0,1,0,0,2,0.33,0.16,0.2,0.31,35834.57,0.55
thornton_heath,"Thornton Heath, London",51.396747,-0.105523,"CR (Croydon, Outer London)",33.0,43.0,37.0,47.0,30.0,40.0,597,737,805,644,805,905,0,0,4,9,0,11,3,0,0,10,1,0,3,0,1,3,10,2,6,0,0,0,1,2,0.3,0.15,0.15,0.4,32081.41,0.48
tolworth,"Tolworth, London",51.3801,-0.286124,"KT (Kingston, Outer London)",50.0,60.0,48.0,58.0,33.0,43.0,679,779,977,953,1053,1153,0,0,3,6,0,5,0,1,0,10,5,1,0,0,0,0,11,5,2,3,1,0,0,2,0.25,0.15,0.17,0.43,46445.98,0.51
tooting,"Tooting, London",51.428215,-0.166924,SW (South West London),22.0,32.0,23.0,33.0,18.0,28.0,900,953,1005,1105,1264,1377,3,0,9,20,0,13,0,2,0,16,13,5,6,0,1,3,17,6,7,4,0,0,2,2,0.22,0.23,0.22,0.33,42232.3,0.51
tottenham,"Tottenham, London",51.605575,-0.068166,N (North London),35.0,45.0,27.0,37.0,33.0,43.0,805,905,1005,1005,1205,1357,1,4,3,10,0,13,0,0,0,2,2,0,1,0,1,5,20,3,2,0,2,0,0,2,0.32,0.16,0.17,0.35,23701.77,0.44
tottenham_hale,"Tottenham Hale, London",51.589281,-0.06105,N (North London),23.0,33.0,17.0,27.0,24.0,34.0,805,953,1166,953,1192,1357,1,3,8,7,0,11,0,0,0,1,2,2,1,0,3,4,15,6,3,0,1,0,0,2,0.27,0.21,0.18,0.34,26360.69,0.44
tower_hill,"Tower Hill, London",51.509582,-0.077553,EC (East Central London),5.0,15.0,18.0,28.0,16.0,26.0,1170,1599,2784,1505,1779,2414,0,1,12,20,15,20,11,6,4,20,20,19,0,0,12,18,21,20,20,15,11,5,39,2,0.15,0.3,0.27,0.28,71221.99,0.57
tufnell_park,"Tufnell Park, London",51.556335,-0.137494,N (North London),22.0,32.0,16.0,26.0,18.0,28.0,861,983,1153,1240,1392,1505,1,0,5,20,0,13,6,2,0,12,12,7,2,2,0,5,20,11,9,7,3,1,3,2,0.21,0.21,0.19,0.39,47691.61,0.5
tulse_hill,"Tulse Hill, London",51.449638,-0.117902,SW (South West London),28.0,38.0,25.0,35.0,24.0,34.0,849,905,1005,1053,1205,1289,0,0,9,23,5,10,2,0,0,8,9,8,1,0,1,8,16,10,7,8,4,1,3,2,0.23,0.23,0.22,0.33,40014.99,0.52
turnpike_lane,"Turnpike Lane, London",51.589329,-0.108299,N (North London),25.0,35.0,21.0,31.0,28.0,38.0,826,924,1053,1153,1262,1392,0,0,11,13,1,10,6,2,0,12,13,8,1,1,0,2,17,7,7,4,3,1,2,2,0.21,0.21,0.23,0.35,32872.92,0.47
twickenham,"Twickenham, London",51.444581,-0.335246,"TW (Twickenham, Outer London)",48.0,58.0,41.0,51.0,33.0,43.0,705,905,1036,1053,1201,1305,0,1,7,13,1,11,1,1,0,16,12,5,2,0,5,4,22,4,7,5,5,1,3,2,0.24,0.13,0.2,0.44,59716.39,0.6
upper_clapton,"Upper Clapton, London",51.56723,-0.06119,E (East London),28.0,38.0,29.0,39.0,36.0,46.0,880,955,1030,1168,1305,1453,0,1,11,12,0,8,0,0,0,6,5,3,0,1,2,7,16,3,3,2,2,0,0,2,0.32,0.19,0.2,0.29,37570.12,0.55
upper_ruxley,"Upper Ruxley, London",51.412111,0.151023,"DA (Dartford, Outer London)",53.0,63.0,67.0,77.0,54.0,64.0,853,1053,1305,1000,1283,1566,0,0,1,0,0,1,0,0,0,1,0,0,0,0,0,0,2,0,1,0,0,0,0,2,0.0,0.0,0.0,0.0,0.0,0.0
upton_park,"Upton Park, London",51.534718,0.03376,E (East London),20.0,30.0,23.0,33.0,20.0,30.0,642,696,805,905,1053,1205,0,0,5,2,0,11,2,0,0,15,0,1,1,0,0,4,11,2,9,0,0,0,0,2,0.27,0.24,0.18,0.3,29769.44,0.48
uxbridge,"Uxbridge, London",51.5485,-0.479611,"UB (Uxbridge, Outer London)",52.0,62.0,45.0,55.0,46.0,56.0,779,853,1000,953,1053,1105,0,0,6,6,0,7,1,0,0,5,5,3,2,0,4,3,15,1,2,0,1,0,1,2,0.0,0.0,0.0,0.0,0.0,0.0
vauxhall,"Vauxhall, London",51.486167,-0.12172,SE (South East London),18.0,28.0,12.0,22.0,7.0,17.0,1196,1457,1757,1577,1849,2219,0,0,9,15,3,12,4,2,1,11,13,3,1,2,5,11,20,12,15,4,5,5,4,2,0.18,0.22,0.21,0.38,47133.46,0.52
waddon,"Waddon, London",51.364655,-0.117544,"CR (Croydon, Outer London)",36.0,46.0,44.0,54.0,35.0,45.0,,,,898,953,991,0,4,5,17,0,11,5,1,0,8,6,3,2,1,2,3,22,5,3,3,4,1,3,2,0.28,0.16,0.18,0.38,34184.55,0.48
wallington,"Wallington, London",51.363978,-0.151845,"SM (Sutton, Outer London)",38.0,48.0,44.0,54.0,38.0,48.0,700,726,816,879,953,1053,0,0,4,3,0,8,0,0,0,7,3,0,1,0,2,0,14,8,1,6,2,0,0,2,0.24,0.13,0.15,0.48,42108.82,0.48
walthamstow,"Walthamstow, London",51.590177,-0.017344,E (East London),32.0,42.0,26.0,36.0,33.0,43.0,804,900,953,1053,1153,1253,0,1,10,9,1,13,3,0,0,7,7,0,2,1,3,1,15,2,8,3,2,0,1,2,0.27,0.17,0.2,0.36,35245.93,0.47
walworth,"Walworth, London",51.487379,-0.095307,SE (South East London),15.0,25.0,18.0,28.0,6.0,16.0,770,900,1000,1096,1175,1305,0,3,10,18,0,12,2,1,1,12,13,7,2,3,6,4,19,15,17,4,5,1,5,2,0.22,0.25,0.19,0.33,35457.35,0.53
wandsworth,"Wandsworth, London",51.456827,-0.189664,SW (South West London),32.0,42.0,23.0,33.0,15.0,25.0,953,1053,1353,1253,1405,1675,0,2,10,15,2,9,4,5,0,11,12,4,1,0,2,3,21,12,9,12,4,3,8,2,0.19,0.22,0.28,0.31,60565.07,0.59
wanstead,"Wanstead, London",51.576797,0.024988,E (East London),27.0,37.0,30.0,40.0,32.0,42.0,779,805,1017,1053,1153,1218,0,0,6,8,0,4,2,2,0,6,9,3,0,0,0,1,10,2,2,2,0,0,1,2,0.21,0.13,0.18,0.48,62364.98,0.51
wapping,"Wapping, London",51.504177,-0.056374,E (East London),12.0,22.0,23.0,33.0,16.0,26.0,1000,1196,1392,1353,1566,1753,0,0,8,15,3,17,5,3,0,12,11,9,1,0,6,6,21,15,14,5,5,1,10,2,0.22,0.25,0.23,0.31,50533.11,0.52
wealdstone,"Wealdstone, London",51.59606,-0.333486,"HA (Harrow, Outer London)",38.0,48.0,30.0,40.0,35.0,45.0,853,905,995,920,1005,1105,0,1,4,8,0,13,2,0,0,12,3,1,2,1,1,1,15,1,4,2,0,1,1,2,0.26,0.17,0.19,0.37,33796.68,0.48
wembley,"Wembley, London",51.550501,-0.304841,"HA (Harrow, Outer London)",34.0,44.0,26.0,36.0,32.0,42.0,805,905,1105,1053,1279,1449,0,0,6,19,1,6,1,1,0,15,3,0,0,0,0,5,7,2,5,0,2,0,2,2,0.24,0.18,0.18,0.4,33767.0,0.47
wembley_park,"Wembley Park, London",51.558594,-0.279613,"HA (Harrow, Outer London)",37.0,47.0,29.0,39.0,31.0,41.0,805,966,1184,1205,1357,1505,0,3,6,22,1,7,1,1,0,12,4,1,2,0,0,6,13,1,7,1,1,0,2,2,0.24,0.19,0.18,0.39,37414.34,0.46
west_brompton,"West Brompton, London",51.483494,-0.196802,SW (South West London),31.0,41.0,29.0,39.0,28.0,38.0,1030,1131,1331,1631,1849,2153,0,0,17,22,6,10,4,7,0,14,20,10,0,0,5,5,21,14,15,19,5,7,7,2,0.19,0.21,0.22,0.37,62492.36,0.6
west_drayton,"West Drayton, London",51.502985,-0.46541,"UB (Uxbridge, Outer London)",48.0,58.0,40.0,50.0,44.0,54.0,653,705,792,905,992,1105,1,0,3,5,1,6,0,0,0,6,1,1,0,1,0,1,9,1,2,2,0,0,1,2,0.28,0.15,0.17,0.4,34328.0,0.48
west_ealing,"West Ealing, London",51.51141,-0.318017,W (West London),34.0,44.0,26.0,36.0,31.0,41.0,810,905,1005,1105,1205,1305,0,0,9,18,2,10,3,0,1,12,11,5,2,1,2,1,20,6,5,8,2,2,2,2,0.22,0.16,0.21,0.41,57476.58,0.54
west_green,"West Green, London",51.586254,-0.086763,N (North London),30.0,40.0,24.0,34.0,31.0,41.0,815,905,1005,1153,1264,1405,1,3,9,11,0,12,2,0,0,4,7,4,2,1,3,3,15,12,6,0,2,0,1,2,0.23,0.2,0.21,0.36,29800.01,0.45
west_ham,"West Ham, London",51.538008,0.012475,E (East London),23.0,33.0,26.0,36.0,28.0,38.0,696,816,905,1005,1153,1305,0,0,6,12,0,14,4,0,1,10,6,4,1,1,2,6,15,3,7,6,3,1,1,2,0.25,0.25,0.19,0.31,35463.78,0.48
west_hampstead,"West Hampstead, London",51.549018,-0.197121,NW (North West London),29.0,39.0,22.0,32.0,24.0,34.0,907,1044,1153,1305,1457,1544,1,0,10,14,1,12,4,1,0,15,14,13,0,0,1,4,17,11,8,6,4,3,4,2,0.17,0.22,0.25,0.35,57799.66,0.56
west_heath,"West Heath, London",51.480556,0.128436,SE (South East London),37.0,47.0,41.0,51.0,36.0,46.0,,,,552,866,1000,0,0,2,2,1,6,0,0,0,6,0,0,1,0,1,1,8,5,1,0,1,0,0,2,0.23,0.12,0.11,0.54,41498.0,0.46
west_kensington,"West Kensington, London",51.489862,-0.207001,W (West London),25.0,35.0,23.0,33.0,22.0,32.0,800,1000,1179,1305,1457,1705,0,0,10,17,9,13,4,5,0,18,20,11,1,0,3,6,22,15,18,19,4,6,11,2,0.16,0.25,0.23,0.36,50988.7,0.56
west_norwood,"West Norwood, London",51.427905,-0.100249,SE (South East London),36.0,46.0,30.0,40.0,32.0,42.0,796,853,916,953,1105,1205,0,0,6,15,0,9,2,0,0,4,10,3,1,0,4,1,18,2,3,4,3,0,0,2,0.27,0.15,0.2,0.38,42533.28,0.51
west_wickham,"West Wickham, London",51.375798,-0.014861,"BR (Bromley, Outer London)",39.0,49.0,53.0,63.0,36.0,46.0,653,726,853,992,1053,1105,0,0,2,7,0,4,0,0,0,10,4,1,1,0,1,0,4,6,1,3,3,0,0,2,0.24,0.1,0.09,0.58,60365.0,0.5
westcombe_park,"Westcombe Park, London",51.484146,0.018446,SE (South East London),21.0,31.0,31.0,41.0,22.0,32.0,905,953,1053,1105,1279,1357,1,4,8,8,3,12,2,0,0,12,1,2,1,0,5,1,19,6,1,4,1,0,1,2,0.22,0.17,0.23,0.39,59304.15,0.53
westminster,"Westminster, London",51.497495,-0.135658,SW (South West London),15.0,25.0,11.0,21.0,5.0,15.0,1044,1262,1522,1522,1849,2351,0,0,18,21,20,20,19,15,2,20,20,20,0,0,13,20,21,17,13,12,20,6,9,2,0.16,0.21,0.21,0.42,72589.21,0.54
whetstone,"Whetstone, London",51.627989,-0.174033,N (North London),42.0,52.0,38.0,48.0,40.0,50.0,564,803,1105,1105,1253,1392,2,0,2,6,0,6,1,0,0,9,9,5,0,0,1,1,11,1,3,2,2,2,1,2,0.23,0.13,0.17,0.47,47183.65,0.5
white_city,"White City, London",51.511462,-0.237633,W (West London),32.0,42.0,23.0,33.0,30.0,40.0,853,1000,1105,1201,1355,1656,0,0,10,16,2,13,5,0,1,6,6,6,1,0,3,5,18,7,7,9,3,2,3,2,0.23,0.21,0.2,0.36,39106.26,0.52
whitechapel,"Whitechapel, London",51.51482,-0.065053,E (East London),6.0,16.0,20.0,30.0,19.0,29.0,959,1253,1653,1283,1514,1855,0,2,10,21,13,20,11,5,3,20,20,17,0,0,10,19,20,20,20,15,6,3,31,2,0.19,0.32,0.23,0.26,57244.31,0.52
willesden,"Willesden, London",51.54763,-0.236925,NW (North West London),31.0,41.0,23.0,33.0,24.0,34.0,799,953,1005,1083,1235,1357,0,0,9,11,0,11,1,0,0,6,5,3,1,0,1,4,15,4,6,2,0,0,1,2,0.25,0.2,0.19,0.36,33138.03,0.48
wimbledon,"Wimbledon, London",51.418339,-0.220629,SW (South West London),45.0,55.0,37.0,47.0,25.0,35.0,853,953,1053,1105,1253,1357,0,0,4,14,3,7,2,1,0,8,5,8,0,1,2,2,14,6,5,5,4,3,2,2,0.19,0.16,0.24,0.42,73756.52,0.6
winchmore_hill,"Winchmore Hill, London",51.632028,-0.095802,N (North London),42.0,52.0,35.0,45.0,42.0,52.0,726,826,1105,979,1105,1205,0,0,3,5,0,7,2,0,0,8,8,2,0,1,0,0,13,5,1,0,5,2,0,2,0.24,0.13,0.14,0.5,55833.2,0.5
wood_green,"Wood Green, London",51.597172,-0.109802,N (North London),23.0,33.0,18.0,28.0,25.0,35.0,783,883,979,753,1105,1253,0,1,10,14,0,9,7,1,0,10,10,6,1,1,1,2,19,7,7,2,3,0,0,2,0.23,0.21,0.21,0.34,30293.13,0.45
woodford,"Woodford, London",51.604175,0.032503,"IG (Ilford, Outer London)",31.0,41.0,35.0,45.0,36.0,46.0,863,900,905,1053,1105,1205,0,0,4,9,0,8,1,0,0,6,7,3,0,0,0,1,11,2,2,3,0,1,0,2,0.22,0.15,0.21,0.42,60355.0,0.54
woodside,"Woodside, London",51.3883,-0.064997,SE (South East London),30.0,40.0,42.0,52.0,31.0,41.0,847,1066,1085,1105,1253,1357,1,0,4,7,0,14,2,0,0,8,1,1,0,0,0,0,15,4,7,2,2,0,0,2,0.3,0.13,0.14,0.44,37737.35,0.47
woodside_park,"Woodside Park, London",51.616235,-0.187434,N (North London),33.0,43.0,28.0,38.0,30.0,40.0,847,1066,1085,1105,1253,1357,1,0,2,8,0,6,2,0,0,9,9,5,0,0,1,0,12,3,2,2,0,4,2,2,0.23,0.14,0.19,0.45,49084.23,0.51
woolwich,"Woolwich, London",51.489475,0.067588,SE (South East London),22.0,32.0,24.0,34.0,20.0,30.0,805,1077,1205,927,1105,1253,0,0,4,10,1,11,1,0,0,8,1,0,1,0,5,1,20,2,4,0,2,0,0,2,0.29,0.19,0.2,0.32,32636.02,0.5
worcester_park,"Worcester Park, London",51.38029,-0.24468,"KT (Kingston, Outer London)",44.0,54.0,36.0,46.0,29.0,39.0,697,774,819,905,1005,1153,1,0,7,5,0,10,0,0,0,7,5,2,0,0,1,1,7,4,2,0,0,1,0,2,0.26,0.12,0.19,0.42,45146.0,0.52
wormwood_scrubs,"Wormwood Scrubs, London",51.517019,-0.240452,W (West London),30.0,40.0,24.0,34.0,29.0,39.0,857,953,1153,853,1757,1957,0,0,12,11,1,9,3,0,1,4,3,5,0,0,1,4,14,8,7,8,2,2,2,2,0.27,0.19,0.18,0.37,33811.43,0.5
yeading,"Yeading, London",51.52291,-0.388025,"UB (Uxbridge, Outer London)",53.0,63.0,46.0,56.0,52.0,62.0,732,753,815,872,927,1053,0,0,4,5,2,6,0,0,0,14,0,0,3,0,0,1,4,1,5,1,2,0,1,2,0.3,0.16,0.17,0.37,32270.38,0.47
yiewsley,"Yiewsley, London",51.512743,-0.472941,"UB (Uxbridge, Outer London)",46.0,56.0,37.0,47.0,41.0,51.0,524,661,679,917,1105,1253,1,0,4,6,1,7,0,0,0,5,1,1,0,1,1,1,6,2,4,2,1,0,1,2,0.26,0.18,0.17,0.39,33139.79,0.48
